Date,Fecha_Objetivo,close,Close_Siguiente,Objetivo,Logistica_probabilidad,Logistica_clase,Base_mayoritaria_probabilidad,Base_mayoritaria_clase,PyTorch_MLP_probabilidad,PyTorch_MLP_clase,Keras_LSTM_probabilidad,Keras_LSTM_clase
2019-09-17,2019-09-18,12.03,11.84000015258789,0,0.44717497,0,0.0,0,0.43975297,0,0.43552902,0
2019-09-18,2019-09-19,11.84,12.229999542236328,1,0.42491546,0,0.0,0,0.44211003,0,0.44011042,0
2019-09-19,2019-09-20,12.23,11.899999618530272,0,0.49712592,0,0.0,0,0.43769023,0,0.43415427,0
2019-09-20,2019-09-23,11.9,11.869999885559082,0,0.43801335,0,0.0,0,0.4341405,0,0.4344701,0
2019-09-23,2019-09-24,11.87,11.779999732971191,0,0.45687377,0,0.0,0,0.4493611,0,0.4489441,0
2019-09-24,2019-09-25,11.78,12.359999656677246,1,0.43327308,0,0.0,0,0.44654715,0,0.44986397,0
2019-09-25,2019-09-26,12.36,12.399999618530272,1,0.505762,1,0.0,0,0.4517529,0,0.4483538,0
2019-09-26,2019-09-27,12.4,13.06999969482422,1,0.44999313,0,0.0,0,0.4498889,0,0.45296323,0
2019-09-27,2019-09-30,13.07,13.0,0,0.5161181,1,0.0,0,0.4523862,0,0.44235185,0
2019-09-30,2019-10-01,13.0,12.760000228881836,0,0.42671397,0,0.0,0,0.45176005,0,0.44720474,0
2019-10-01,2019-10-02,12.76,13.130000114440918,1,0.45337993,0,0.0,0,0.45387557,0,0.44953567,0
2019-10-02,2019-10-03,13.13,13.109999656677246,0,0.46873945,0,0.0,0,0.45842806,0,0.4470828,0
2019-10-03,2019-10-04,13.11,13.510000228881836,1,0.4187348,0,0.0,0,0.45965347,0,0.4501004,0
2019-10-04,2019-10-07,13.51,13.359999656677246,0,0.49007776,0,0.0,0,0.4604908,0,0.44660982,0
2019-10-07,2019-10-08,13.36,12.710000038146973,0,0.52498925,1,0.0,0,0.45785156,0,0.4513069,0
2019-10-08,2019-10-09,12.71,12.75,1,0.43241078,0,0.0,0,0.45584032,0,0.45986697,0
2019-10-09,2019-10-10,12.75,13.390000343322754,1,0.46098855,0,0.0,0,0.46097058,0,0.4655004,0
2019-10-10,2019-10-11,13.39,13.0600004196167,0,0.50357467,1,0.0,0,0.46346924,0,0.46413994,0
2019-10-11,2019-10-14,13.06,12.850000381469728,0,0.44510698,0,0.0,0,0.45857796,0,0.46416277,0
2019-10-14,2019-10-15,12.85,13.239999771118164,1,0.499499,0,0.0,0,0.4632521,0,0.46809337,0
2019-10-15,2019-10-16,13.24,12.850000381469728,0,0.48478302,0,0.0,0,0.46067724,0,0.46837363,0
2019-10-16,2019-10-17,12.85,12.510000228881836,0,0.44899058,0,0.0,0,0.45812225,0,0.46824378,0
2019-10-17,2019-10-18,12.51,12.510000228881836,0,0.4474184,0,0.0,0,0.45669785,0,0.47361326,0
2019-10-18,2019-10-21,12.51,12.84000015258789,1,0.47067252,0,0.0,0,0.45884454,0,0.47719505,0
2019-10-21,2019-10-22,12.84,12.380000114440918,0,0.46243858,0,0.0,0,0.4566815,0,0.4749,0
2019-10-22,2019-10-23,12.38,12.6899995803833,1,0.4369512,0,0.0,0,0.45390365,0,0.47594547,0
2019-10-23,2019-10-24,12.69,12.420000076293944,0,0.5093808,1,0.0,0,0.4557938,0,0.47489452,0
2019-10-24,2019-10-25,12.42,12.729999542236328,1,0.46884048,0,0.0,0,0.45400664,0,0.47502974,0
2019-10-25,2019-10-28,12.73,11.279999732971191,0,0.52433926,1,0.0,0,0.45055825,0,0.46475574,0
2019-10-28,2019-10-29,11.28,11.390000343322754,1,0.4542181,0,0.0,0,0.4355011,0,0.46525154,0
2019-10-29,2019-10-30,11.39,11.399999618530272,1,0.52846754,1,0.0,0,0.44412434,0,0.44131574,0
2019-10-30,2019-10-31,11.4,11.5600004196167,1,0.4380283,0,0.0,0,0.45131508,0,0.4624152,0
2019-10-31,2019-11-01,11.56,11.789999961853027,1,0.43404883,0,0.0,0,0.45194554,0,0.4724482,0
2019-11-01,2019-11-04,11.79,12.539999961853027,1,0.42828116,0,0.0,0,0.4546458,0,0.48276874,0
2019-11-04,2019-11-05,12.54,12.68000030517578,1,0.4973701,0,0.0,0,0.45375383,0,0.46887323,0
2019-11-05,2019-11-06,12.68,12.199999809265137,0,0.47406766,0,0.0,0,0.4533272,0,0.45616964,0
2019-11-06,2019-11-07,12.2,12.59000015258789,1,0.42623854,0,0.0,0,0.4492992,0,0.45825934,0
2019-11-07,2019-11-08,12.59,12.40999984741211,0,0.514809,1,0.0,0,0.4553799,0,0.45438752,0
2019-11-08,2019-11-11,12.41,12.720000267028809,1,0.44128606,0,0.0,0,0.4544564,0,0.4579133,0
2019-11-11,2019-11-12,12.72,12.06999969482422,0,0.5165526,1,0.0,0,0.4564205,0,0.45674762,0
2019-11-12,2019-11-13,12.07,11.600000381469728,0,0.45100877,0,0.0,0,0.45088786,0,0.46625605,0
2019-11-13,2019-11-14,11.6,11.06999969482422,0,0.45646882,0,0.0,0,0.44924253,0,0.46741468,0
2019-11-14,2019-11-15,11.07,11.579999923706056,1,0.44687423,0,0.0,0,0.44878492,0,0.47501794,0
2019-11-15,2019-11-18,11.58,11.380000114440918,0,0.46288943,0,0.0,0,0.4574037,0,0.4863118,0
2019-11-18,2019-11-19,11.38,11.84000015258789,1,0.46552584,0,0.0,0,0.45601583,0,0.48668337,0
2019-11-19,2019-11-20,11.84,12.539999961853027,1,0.46364313,0,0.0,0,0.45837846,0,0.4809378,0
2019-11-20,2019-11-21,12.54,12.6899995803833,1,0.49137875,0,0.0,0,0.45358348,0,0.46363354,0
2019-11-21,2019-11-22,12.69,12.739999771118164,1,0.42714116,0,0.0,0,0.45516476,0,0.45190713,0
2019-11-22,2019-11-25,12.74,12.8100004196167,1,0.49390623,0,0.0,0,0.45415524,0,0.44644192,0
2019-11-25,2019-11-26,12.81,12.899999618530272,1,0.48132282,0,0.0,0,0.4575909,0,0.44534597,0
2019-11-26,2019-11-27,12.9,13.779999732971191,1,0.45685247,0,0.0,0,0.45242494,0,0.4428399,0
2019-11-27,2019-11-29,13.78,13.359999656677246,0,0.5253165,1,0.0,0,0.45860645,0,0.4350779,0
2019-11-29,2019-12-02,13.36,12.850000381469728,0,0.4233127,0,0.0,0,0.45941332,0,0.4458752,0
2019-12-02,2019-12-03,12.85,12.869999885559082,1,0.4784203,0,0.0,0,0.4568171,0,0.4560175,0
2019-12-03,2019-12-04,12.87,13.420000076293944,1,0.45748132,0,0.0,0,0.4623456,0,0.46178892,0
2019-12-04,2019-12-05,13.42,13.229999542236328,0,0.5191353,1,0.0,0,0.4624081,0,0.45943516,0
2019-12-05,2019-12-06,13.23,13.800000190734863,1,0.44132748,0,0.0,0,0.4586297,0,0.4625452,0
2019-12-06,2019-12-09,13.8,14.050000190734863,1,0.5102111,1,0.0,0,0.4600198,0,0.45726994,0
2019-12-09,2019-12-10,14.05,13.25,0,0.45322728,0,0.0,0,0.45975545,0,0.45080993,0
2019-12-10,2019-12-11,13.25,13.199999809265137,0,0.43785042,0,0.0,0,0.45372894,0,0.46055698,0
2019-12-11,2019-12-12,13.2,13.960000038146973,1,0.46293038,0,0.0,0,0.46091577,0,0.46570578,0
2019-12-12,2019-12-13,13.96,14.75,1,0.55144787,1,0.0,0,0.46195605,0,0.46145904,0
2019-12-13,2019-12-16,14.75,14.470000267028809,0,0.5204408,1,0.0,0,0.46292892,0,0.45065153,0
2019-12-16,2019-12-17,14.47,14.539999961853027,1,0.43820933,0,0.0,0,0.45660895,0,0.45356157,0
2019-12-17,2019-12-18,14.54,14.789999961853027,1,0.46154237,0,0.0,0,0.4580772,0,0.4518552,0
2019-12-18,2019-12-19,14.79,14.800000190734863,1,0.5856983,1,0.0,0,0.45833778,0,0.44998115,0
2019-12-19,2019-12-20,14.8,15.0,1,0.47587213,0,0.0,0,0.4582329,0,0.45225665,0
2019-12-20,2019-12-23,15.0,16.34000015258789,1,0.47013703,0,0.0,0,0.4588705,0,0.45336947,0
2019-12-23,2019-12-24,16.34,16.479999542236328,1,0.562579,1,0.0,0,0.4665806,0,0.4416283,0
2019-12-24,2019-12-26,16.48,17.049999237060547,1,0.5614905,1,0.0,0,0.46228445,0,0.4428435,0
2019-12-26,2019-12-27,17.05,16.420000076293945,0,0.50109637,1,0.0,0,0.4629318,0,0.4379778,0
2019-12-27,2019-12-30,16.42,16.290000915527344,0,0.4143696,0,0.0,0,0.45602763,0,0.44785646,0
2019-12-30,2019-12-31,16.29,16.229999542236328,0,0.43741688,0,0.0,0,0.4609225,0,0.45107305,0
2019-12-31,2020-01-02,16.23,16.40999984741211,1,0.4864385,0,0.0,0,0.46562257,0,0.45439774,0
2020-01-02,2020-01-03,16.41,15.800000190734863,0,0.49146238,0,0.0,0,0.46048403,0,0.4584111,0
2020-01-03,2020-01-06,15.8,15.970000267028809,1,0.4550713,0,0.0,0,0.45549,0,0.46006185,0
2020-01-06,2020-01-07,15.97,15.869999885559082,0,0.5271984,1,0.0,0,0.46257195,0,0.46418333,0
2020-01-07,2020-01-08,15.87,16.040000915527344,1,0.4625159,0,0.0,0,0.45981815,0,0.4639483,0
2020-01-08,2020-01-09,16.04,16.649999618530273,1,0.5313333,1,0.0,0,0.45781827,0,0.46494457,0
2020-01-09,2020-01-10,16.65,16.3700008392334,0,0.4989011,0,0.0,0,0.46040356,0,0.46344733,0
2020-01-10,2020-01-13,16.37,15.619999885559082,0,0.43762666,0,0.0,0,0.4555301,0,0.46080476,0
2020-01-13,2020-01-14,15.62,15.470000267028809,0,0.42036387,0,0.0,0,0.44938284,0,0.46506283,0
2020-01-14,2020-01-15,15.47,14.829999923706056,0,0.43705362,0,0.0,0,0.45046693,0,0.46970043,0
2020-01-15,2020-01-16,14.83,15.260000228881836,1,0.4324027,0,0.0,0,0.44899568,0,0.4748924,0
2020-01-16,2020-01-17,15.26,15.600000381469728,1,0.5070977,1,0.0,0,0.45265663,0,0.47928774,0
2020-01-17,2020-01-21,15.6,15.079999923706056,0,0.49839163,0,0.0,0,0.45255977,0,0.47761655,0
2020-01-21,2020-01-22,15.08,14.970000267028809,0,0.44068,0,0.0,0,0.4481141,0,0.47755533,0
2020-01-22,2020-01-23,14.97,14.550000190734863,0,0.45083562,0,0.0,0,0.44887936,0,0.47976223,0
2020-01-23,2020-01-24,14.55,13.989999771118164,0,0.4396994,0,0.0,0,0.4487085,0,0.48191425,0
2020-01-24,2020-01-27,13.99,13.75,0,0.4355925,0,0.0,0,0.44977346,0,0.48821014,0
2020-01-27,2020-01-28,13.75,14.449999809265137,1,0.472974,0,0.0,0,0.44726697,0,0.49545687,0
2020-01-28,2020-01-29,14.45,14.40999984741211,0,0.4659845,0,0.0,0,0.45094472,0,0.49155805,0
2020-01-29,2020-01-30,14.41,14.84000015258789,1,0.48102662,0,0.0,0,0.44854012,0,0.48537338,0
2020-01-30,2020-01-31,14.84,14.350000381469728,0,0.4732475,0,0.0,0,0.45274174,0,0.4803322,0
2020-01-31,2020-02-03,14.35,15.1899995803833,1,0.41109496,0,0.0,0,0.44782043,0,0.47939247,0
2020-02-03,2020-02-04,15.19,14.800000190734863,0,0.5041233,1,0.0,0,0.4499793,0,0.47130916,0
2020-02-04,2020-02-05,14.8,14.729999542236328,0,0.4101971,0,0.0,0,0.44068637,0,0.47335577,0
2020-02-05,2020-02-06,14.73,14.800000190734863,1,0.4499425,0,0.0,0,0.4481749,0,0.47474116,0
2020-02-06,2020-02-07,14.8,14.979999542236328,1,0.4516261,0,0.0,0,0.45160583,0,0.47423506,0
2020-02-07,2020-02-10,14.98,14.989999771118164,1,0.4311244,0,0.0,0,0.44970667,0,0.47375572,0
2020-02-10,2020-02-11,14.99,14.65999984741211,0,0.45371246,0,0.0,0,0.4554432,0,0.47099224,0
2020-02-11,2020-02-12,14.66,14.8100004196167,1,0.44263408,0,0.0,0,0.45028773,0,0.4742861,0
2020-02-12,2020-02-13,14.81,13.579999923706056,0,0.44935358,0,0.0,0,0.4541137,0,0.47335947,0
2020-02-13,2020-02-14,13.58,13.789999961853027,1,0.40514153,0,0.0,0,0.438294,0,0.48336124,0
2020-02-14,2020-02-18,13.79,13.699999809265137,0,0.4647523,0,0.0,0,0.44939005,0,0.4891387,0
2020-02-18,2020-02-19,13.7,14.09000015258789,1,0.47736612,0,0.0,0,0.45309567,0,0.48946688,0
2020-02-19,2020-02-20,14.09,14.3100004196167,1,0.4933625,0,0.0,0,0.45248505,0,0.48697448,0
2020-02-20,2020-02-21,14.31,14.489999771118164,1,0.46963874,0,0.0,0,0.44834712,0,0.48246062,0
2020-02-21,2020-02-24,14.49,13.949999809265137,0,0.46250987,0,0.0,0,0.4521346,0,0.47665757,0
2020-02-24,2020-02-25,13.95,13.25,0,0.45766503,0,0.0,0,0.45007598,0,0.4770989,0
2020-02-25,2020-02-26,13.25,13.300000190734863,1,0.40291423,0,0.0,0,0.44749132,0,0.48547918,0
2020-02-26,2020-02-27,13.3,13.029999732971191,0,0.4795237,0,0.0,0,0.4516757,0,0.48887053,0
2020-02-27,2020-02-28,13.03,12.640000343322754,0,0.4857904,0,0.0,0,0.4502244,0,0.49252886,0
2020-02-28,2020-03-02,12.64,13.079999923706056,1,0.48933688,0,0.0,0,0.4437953,0,0.4965182,0
2020-03-02,2020-03-03,13.08,12.960000038146973,0,0.46316054,0,0.0,0,0.45230463,0,0.4947667,0
2020-03-03,2020-03-04,12.96,13.56999969482422,1,0.47619343,0,0.0,0,0.448507,0,0.48956454,0
2020-03-04,2020-03-05,13.57,13.1899995803833,0,0.46350017,0,0.0,0,0.4546183,0,0.47768945,0
2020-03-05,2020-03-06,13.19,12.220000267028809,0,0.4676782,0,0.0,0,0.45171627,0,0.47657624,0
2020-03-06,2020-03-09,12.22,9.960000038146973,0,0.48226756,0,0.0,0,0.44727063,0,0.48685792,0
2020-03-09,2020-03-10,9.96,11.0600004196167,1,0.48124164,0,0.0,0,0.42614007,0,0.46943694,0
2020-03-10,2020-03-11,11.06,10.15999984741211,0,0.46527356,0,0.0,0,0.44980597,0,0.4722926,0
2020-03-11,2020-03-12,10.16,8.729999542236328,0,0.4465012,0,0.0,0,0.43647075,0,0.46310997,0
2020-03-12,2020-03-13,8.73,9.210000038146973,1,0.5007775,1,0.0,0,0.43457088,0,0.4487457,0
2020-03-13,2020-03-16,9.21,7.139999866485596,0,0.4065997,0,0.0,0,0.43361944,0,0.45297855,0
2020-03-16,2020-03-17,7.14,7.639999866485596,1,0.5818105,1,0.0,0,0.44447717,0,0.43492994,0
2020-03-17,2020-03-18,7.64,6.079999923706055,0,0.4231954,0,0.0,0,0.44040227,0,0.44072333,0
2020-03-18,2020-03-19,6.08,6.099999904632568,1,0.46786657,0,0.0,0,0.4462031,0,0.42494115,0
2020-03-19,2020-03-20,6.1,6.809999942779541,1,0.55231494,1,0.0,0,0.43679512,0,0.43335867,0
2020-03-20,2020-03-23,6.81,6.449999809265137,0,0.4876228,0,0.0,0,0.44901788,0,0.45295066,0
2020-03-23,2020-03-24,6.45,7.269999980926514,1,0.4144399,0,0.0,0,0.4536273,0,0.41413158,0
2020-03-24,2020-03-25,7.27,7.619999885559082,1,0.4517041,0,0.0,0,0.46245876,0,0.49698913,0
2020-03-25,2020-03-26,7.62,7.849999904632568,1,0.43612173,0,0.0,0,0.45404252,0,0.5032153,1
2020-03-26,2020-03-27,7.85,6.739999771118164,0,0.43454495,0,0.0,0,0.45500535,0,0.4781765,0
2020-03-27,2020-03-30,6.74,6.730000019073486,0,0.44680804,0,0.0,0,0.4651656,0,0.38809174,0
2020-03-30,2020-03-31,6.73,7.050000190734863,1,0.39911512,0,0.0,0,0.45317388,0,0.37554798,0
2020-03-31,2020-04-01,7.05,6.789999961853027,0,0.499761,0,0.0,0,0.45147735,0,0.38463223,0
2020-04-01,2020-04-02,6.79,7.199999809265137,1,0.4624393,0,0.0,0,0.4571511,0,0.37100512,0
2020-04-02,2020-04-03,7.2,7.340000152587891,1,0.44953582,0,0.0,0,0.45903614,0,0.39489332,0
2020-04-03,2020-04-06,7.34,7.010000228881836,0,0.4376505,0,0.0,0,0.45217502,0,0.3921712,0
2020-04-06,2020-04-07,7.01,6.929999828338623,0,0.43987685,0,0.0,0,0.45350525,0,0.36997157,0
2020-04-07,2020-04-08,6.93,7.199999809265137,1,0.43968096,0,0.0,0,0.44555157,0,0.36302024,0
2020-04-08,2020-04-09,7.2,7.090000152587891,0,0.45558766,0,0.0,0,0.45136085,0,0.37628117,0
2020-04-09,2020-04-13,7.09,6.829999923706055,0,0.4363109,0,0.0,0,0.45442957,0,0.3730928,0
2020-04-13,2020-04-14,6.83,7.119999885559082,1,0.44848046,0,0.0,0,0.45550197,0,0.3667897,0
2020-04-14,2020-04-15,7.12,7.579999923706055,1,0.46781746,0,0.0,0,0.45565417,0,0.38030118,0
2020-04-15,2020-04-16,7.58,7.480000019073486,0,0.50603026,1,0.0,0,0.45819208,0,0.38696977,0
2020-04-16,2020-04-17,7.48,7.329999923706055,0,0.45451987,0,0.0,0,0.46005288,0,0.371883,0
2020-04-17,2020-04-20,7.33,7.320000171661377,0,0.45342696,0,0.0,0,0.4573677,0,0.3632382,0
2020-04-20,2020-04-21,7.32,6.849999904632568,0,0.51061904,1,0.0,0,0.46003577,0,0.35967448,0
2020-04-21,2020-04-22,6.85,6.670000076293945,0,0.48579016,0,0.0,0,0.45737365,0,0.3735391,0
2020-04-22,2020-04-23,6.67,6.300000190734863,0,0.48188832,0,0.0,0,0.45711377,0,0.38183182,0
2020-04-23,2020-04-24,6.3,6.099999904632568,0,0.47744536,0,0.0,0,0.44663122,0,0.38385358,0
2020-04-24,2020-04-27,6.1,5.929999828338623,0,0.50072783,1,0.0,0,0.45059034,0,0.39577094,0
2020-04-27,2020-04-28,5.93,6.980000019073486,1,0.47863704,0,0.0,0,0.44650438,0,0.3995114,0
2020-04-28,2020-04-29,6.98,7.480000019073486,1,0.52137953,1,0.0,0,0.46835592,0,0.4663621,0
2020-04-29,2020-04-30,7.48,7.119999885559082,0,0.45479646,0,0.0,0,0.46409395,0,0.48885584,0
2020-04-30,2020-05-01,7.12,6.630000114440918,0,0.49503583,0,0.0,0,0.4597507,0,0.46627402,0
2020-05-01,2020-05-04,6.63,7.059999942779541,1,0.46475106,0,0.0,0,0.46279964,0,0.44805193,0
2020-05-04,2020-05-05,7.06,6.900000095367432,0,0.4807029,0,0.0,0,0.464831,0,0.46101645,0
2020-05-05,2020-05-06,6.9,7.25,1,0.48857883,0,0.0,0,0.46256495,0,0.45196488,0
2020-05-06,2020-05-07,7.25,7.840000152587891,1,0.48298395,0,0.0,0,0.46472374,0,0.47348896,0
2020-05-07,2020-05-08,7.84,8.100000381469727,1,0.5224805,1,0.0,0,0.46118882,0,0.48550972,0
2020-05-08,2020-05-11,8.1,8.8100004196167,1,0.50997037,1,0.0,0,0.46189338,0,0.49378103,0
2020-05-11,2020-05-12,8.81,8.729999542236328,0,0.51177627,1,0.0,0,0.47427145,0,0.5165893,1
2020-05-12,2020-05-13,8.73,7.929999828338623,0,0.51712614,1,0.0,0,0.46050486,0,0.5014285,1
2020-05-13,2020-05-14,7.93,8.460000038146973,1,0.44728532,0,0.0,0,0.4573197,0,0.48606488,0
2020-05-14,2020-05-15,8.46,8.399999618530273,0,0.5414814,1,0.0,0,0.4658713,0,0.4811699,0
2020-05-15,2020-05-18,8.4,8.890000343322754,1,0.51129806,1,0.0,0,0.4671945,0,0.49068108,0
2020-05-18,2020-05-19,8.89,8.489999771118164,0,0.44399533,0,0.0,0,0.47105375,0,0.5112307,1
2020-05-19,2020-05-20,8.49,8.760000228881836,1,0.469123,0,0.0,0,0.46500123,0,0.5054226,1
2020-05-20,2020-05-21,8.76,9.380000114440918,1,0.5183112,1,0.0,0,0.46775064,0,0.51432097,1
2020-05-21,2020-05-22,9.38,9.510000228881836,1,0.52897316,1,0.0,0,0.4715093,0,0.52055746,1
2020-05-22,2020-05-26,9.51,9.529999732971191,1,0.50335467,1,0.0,0,0.46576554,0,0.50959295,1
2020-05-26,2020-05-27,9.53,9.65999984741211,1,0.50097084,1,0.0,0,0.46296525,0,0.50034696,1
2020-05-27,2020-05-28,9.66,8.829999923706055,0,0.4410562,0,0.0,0,0.46574444,0,0.49459162,0
2020-05-28,2020-05-29,8.83,8.010000228881836,0,0.4622826,0,0.0,0,0.45895204,0,0.48497722,0
2020-05-29,2020-06-01,8.01,8.529999732971191,1,0.4628934,0,0.0,0,0.43672615,0,0.4365722,0
2020-06-01,2020-06-02,8.53,9.390000343322754,1,0.5243052,1,0.0,0,0.46519664,0,0.4456717,0
2020-06-02,2020-06-03,9.39,10.15999984741211,1,0.5434343,1,0.0,0,0.4698746,0,0.49720854,0
2020-06-03,2020-06-04,10.16,10.18000030517578,1,0.5192178,1,0.0,0,0.47518197,0,0.51066375,1
2020-06-04,2020-06-05,10.18,10.369999885559082,1,0.454067,0,0.0,0,0.47250482,0,0.49437553,0
2020-06-05,2020-06-08,10.37,11.5,1,0.48461992,0,0.0,0,0.4763651,0,0.48403043,0
2020-06-08,2020-06-09,11.5,10.770000457763672,0,0.5086223,1,0.0,0,0.49491048,0,0.48070854,0
2020-06-09,2020-06-10,10.77,10.859999656677246,1,0.47094512,0,0.0,0,0.46757385,0,0.46456024,0
2020-06-10,2020-06-11,10.86,9.979999542236328,0,0.5134516,1,0.0,0,0.47527793,0,0.4668679,0
2020-06-11,2020-06-12,9.98,10.75,1,0.5108698,1,0.0,0,0.4602926,0,0.47606465,0
2020-06-12,2020-06-15,10.75,10.43000030517578,0,0.4636247,0,0.0,0,0.47987986,0,0.4801272,0
2020-06-15,2020-06-16,10.43,10.390000343322754,0,0.5241754,1,0.0,0,0.47560474,0,0.47866035,0
2020-06-16,2020-06-17,10.39,10.0600004196167,0,0.45303872,0,0.0,0,0.4690591,0,0.47825634,0
2020-06-17,2020-06-18,10.06,9.329999923706056,0,0.4965349,0,0.0,0,0.4634616,0,0.47093582,0
2020-06-18,2020-06-19,9.33,10.220000267028809,1,0.5478197,1,0.0,0,0.44937706,0,0.44317776,0
2020-06-19,2020-06-22,10.22,9.850000381469728,0,0.50733757,1,0.0,0,0.46005905,0,0.44041672,0
2020-06-22,2020-06-23,9.85,10.239999771118164,1,0.4489127,0,0.0,0,0.4599076,0,0.44700852,0
2020-06-23,2020-06-24,10.24,10.039999961853027,0,0.52490026,1,0.0,0,0.4626029,0,0.44680446,0
2020-06-24,2020-06-25,10.04,10.670000076293944,1,0.48192105,0,0.0,0,0.45867765,0,0.43994236,0
2020-06-25,2020-06-26,10.67,10.210000038146973,0,0.5166584,1,0.0,0,0.4647802,0,0.443294,0
2020-06-26,2020-06-29,10.21,10.329999923706056,1,0.44707033,0,0.0,0,0.46186116,0,0.4583837,0
2020-06-29,2020-06-30,10.33,9.699999809265137,0,0.48039833,0,0.0,0,0.4640872,0,0.45214975,0
2020-06-30,2020-07-01,9.7,9.770000457763672,1,0.46645352,0,0.0,0,0.45307088,0,0.43912676,0
2020-07-01,2020-07-02,9.77,9.220000267028809,0,0.5022667,1,0.0,0,0.46020645,0,0.43584996,0
2020-07-02,2020-07-06,9.22,11.31999969482422,1,0.45460737,0,0.0,0,0.4477656,0,0.42519307,0
2020-07-06,2020-07-07,11.32,10.890000343322754,0,0.43477988,0,0.0,0,0.47693822,0,0.45627522,0
2020-07-07,2020-07-08,10.89,11.029999732971191,1,0.44088483,0,0.0,0,0.4597887,0,0.4547297,0
2020-07-08,2020-07-09,11.03,10.520000457763672,0,0.46330756,0,0.0,0,0.47144496,0,0.46211645,0
2020-07-09,2020-07-10,10.52,11.369999885559082,1,0.443295,0,0.0,0,0.46356335,0,0.46773922,0
2020-07-10,2020-07-13,11.37,11.34000015258789,0,0.50100774,1,0.0,0,0.47738916,0,0.47102672,0
2020-07-13,2020-07-14,11.34,11.270000457763672,0,0.5075112,1,0.0,0,0.46156898,0,0.46113804,0
2020-07-14,2020-07-15,11.27,11.68000030517578,1,0.44318658,0,0.0,0,0.46458516,0,0.4648674,0
2020-07-15,2020-07-16,11.68,11.510000228881836,0,0.4817535,0,0.0,0,0.46430475,0,0.4533854,0
2020-07-16,2020-07-17,11.51,11.229999542236328,0,0.48140162,0,0.0,0,0.46656027,0,0.44802415,0
2020-07-17,2020-07-20,11.23,10.890000343322754,0,0.46209595,0,0.0,0,0.46002105,0,0.44988358,0
2020-07-20,2020-07-21,10.89,11.359999656677246,1,0.5030451,1,0.0,0,0.46033716,0,0.45374408,0
2020-07-21,2020-07-22,11.36,12.300000190734863,1,0.54849994,1,0.0,0,0.45751604,0,0.42804995,0
2020-07-22,2020-07-23,12.3,12.470000267028809,1,0.518039,1,0.0,0,0.46607986,0,0.44393176,0
2020-07-23,2020-07-24,12.47,12.470000267028809,0,0.522808,1,0.0,0,0.46431148,0,0.4413234,0
2020-07-24,2020-07-27,12.47,12.770000457763672,1,0.51088184,1,0.0,0,0.4652497,0,0.43986914,0
2020-07-27,2020-07-28,12.77,12.220000267028809,0,0.5245352,1,0.0,0,0.4672788,0,0.4372061,0
2020-07-28,2020-07-29,12.22,12.31999969482422,1,0.47389406,0,0.0,0,0.46346158,0,0.4472336,0
2020-07-29,2020-07-30,12.32,12.119999885559082,0,0.47732657,0,0.0,0,0.4694847,0,0.45337936,0
2020-07-30,2020-07-31,12.12,12.0,0,0.4685722,0,0.0,0,0.46326017,0,0.45969012,0
2020-07-31,2020-08-03,12.0,13.270000457763672,1,0.4746259,0,0.0,0,0.46489376,0,0.46489137,0
2020-08-03,2020-08-04,13.27,13.050000190734863,0,0.63322896,1,0.0,0,0.46666476,0,0.45425284,0
2020-08-04,2020-08-05,13.05,12.649999618530272,0,0.35758,0,0.0,0,0.45249328,0,0.4531902,0
2020-08-05,2020-08-06,12.65,12.6899995803833,1,0.4834412,0,0.0,0,0.4586376,0,0.45628855,0
2020-08-06,2020-08-07,12.69,12.850000381469728,1,0.46633193,0,0.0,0,0.46364427,0,0.4575099,0
2020-08-07,2020-08-10,12.85,12.4399995803833,0,0.44606078,0,0.0,0,0.46523666,0,0.45861304,0
2020-08-10,2020-08-11,12.44,11.859999656677246,0,0.5319469,1,0.0,0,0.4624393,0,0.46728402,0
2020-08-11,2020-08-12,11.86,11.460000038146973,0,0.44275305,0,0.0,0,0.45384216,0,0.47670367,0
2020-08-12,2020-08-13,11.46,11.529999732971191,1,0.42790166,0,0.0,0,0.45034555,0,0.47507095,0
2020-08-13,2020-08-14,11.53,11.369999885559082,0,0.5364565,1,0.0,0,0.45770982,0,0.4800855,0
2020-08-14,2020-08-17,11.37,10.789999961853027,0,0.4468522,0,0.0,0,0.45881227,0,0.48955455,0
2020-08-17,2020-08-18,10.79,10.65999984741211,0,0.4637938,0,0.0,0,0.45057932,0,0.48918167,0
2020-08-18,2020-08-19,10.66,10.369999885559082,0,0.47783872,0,0.0,0,0.45168608,0,0.47600153,0
2020-08-19,2020-08-20,10.37,10.25,0,0.46653536,0,0.0,0,0.4473833,0,0.46495992,0
2020-08-20,2020-08-21,10.25,10.109999656677246,0,0.48674285,0,0.0,0,0.44558406,0,0.4510948,0
2020-08-21,2020-08-24,10.11,10.0600004196167,0,0.47031873,0,0.0,0,0.4449426,0,0.44582942,0
2020-08-24,2020-08-25,10.06,10.170000076293944,1,0.4291965,0,0.0,0,0.44733575,0,0.44505477,0
2020-08-25,2020-08-26,10.17,10.039999961853027,0,0.42738524,0,0.0,0,0.45009124,0,0.4495694,0
2020-08-26,2020-08-27,10.04,9.899999618530272,0,0.46528703,0,0.0,0,0.45340943,0,0.4527112,0
2020-08-27,2020-08-28,9.9,10.600000381469728,1,0.45213425,0,0.0,0,0.45694304,0,0.45804098,0
2020-08-28,2020-08-31,10.6,10.329999923706056,0,0.48591736,0,0.0,0,0.45568928,0,0.4527272,0
2020-08-31,2020-09-01,10.33,10.399999618530272,1,0.42626607,0,0.0,0,0.4478241,0,0.4427687,0
2020-09-01,2020-09-02,10.4,10.109999656677246,0,0.42888117,0,0.0,0,0.45727473,0,0.44853124,0
2020-09-02,2020-09-03,10.11,10.279999732971191,1,0.43027073,0,0.0,0,0.45016998,0,0.43245912,0
2020-09-03,2020-09-04,10.28,10.18000030517578,0,0.48127878,0,0.0,0,0.45394975,0,0.43259495,0
2020-09-04,2020-09-08,10.18,10.260000228881836,1,0.43388736,0,0.0,0,0.4547552,0,0.43665594,0
2020-09-08,2020-09-09,10.26,10.279999732971191,1,0.4950318,0,0.0,0,0.45625004,0,0.43762174,0
2020-09-09,2020-09-10,10.28,10.25,0,0.47394657,0,0.0,0,0.45635748,0,0.43563768,0
2020-09-10,2020-09-11,10.25,9.739999771118164,0,0.4827194,0,0.0,0,0.45536608,0,0.43013588,0
2020-09-11,2020-09-14,9.74,9.210000038146973,0,0.437823,0,0.0,0,0.45182294,0,0.42213303,0
2020-09-14,2020-09-15,9.21,9.170000076293944,0,0.45814028,0,0.0,0,0.44306752,0,0.4100944,0
2020-09-15,2020-09-16,9.17,8.359999656677246,0,0.45788315,0,0.0,0,0.4450272,0,0.40725338,0
2020-09-16,2020-09-17,8.36,7.880000114440918,0,0.51434237,1,0.0,0,0.4326932,0,0.39983842,0
2020-09-17,2020-09-18,7.88,7.860000133514404,0,0.47574344,0,0.0,0,0.43991283,0,0.4029183,0
2020-09-18,2020-09-21,7.86,7.599999904632568,0,0.4660665,0,0.0,0,0.43308863,0,0.40601975,0
2020-09-21,2020-09-22,7.6,7.25,0,0.46733722,0,0.0,0,0.4448566,0,0.4109031,0
2020-09-22,2020-09-23,7.25,6.860000133514404,0,0.47052878,0,0.0,0,0.4482429,0,0.4108762,0
2020-09-23,2020-09-24,6.86,7.630000114440918,1,0.48522356,0,0.0,0,0.4452174,0,0.40853417,0
2020-09-24,2020-09-25,7.63,7.400000095367432,0,0.48926637,0,0.0,0,0.4451363,0,0.43896854,0
2020-09-25,2020-09-28,7.4,7.230000019073486,0,0.44016194,0,0.0,0,0.44656608,0,0.40544096,0
2020-09-28,2020-09-29,7.23,7.159999847412109,0,0.48370805,0,0.0,0,0.44936594,0,0.39406735,0
2020-09-29,2020-09-30,7.16,7.239999771118164,1,0.47671613,0,0.0,0,0.45068467,0,0.39016256,0
2020-09-30,2020-10-01,7.24,7.420000076293945,1,0.44358933,0,0.0,0,0.4538555,0,0.39805833,0
2020-10-01,2020-10-02,7.42,7.289999961853027,0,0.471475,0,0.0,0,0.45240024,0,0.40150303,0
2020-10-02,2020-10-05,7.29,7.119999885559082,0,0.47394937,0,0.0,0,0.46213934,0,0.3968202,0
2020-10-05,2020-10-06,7.12,6.909999847412109,0,0.46939895,0,0.0,0,0.44821572,0,0.37754714,0
2020-10-06,2020-10-07,6.91,7.059999942779541,1,0.48249757,0,0.0,0,0.4488258,0,0.37208518,0
2020-10-07,2020-10-08,7.06,7.25,1,0.4713923,0,0.0,0,0.45529103,0,0.3845594,0
2020-10-08,2020-10-09,7.25,7.059999942779541,0,0.4676616,0,0.0,0,0.45863396,0,0.39380276,0
2020-10-09,2020-10-12,7.06,7.0,0,0.45692563,0,0.0,0,0.45781463,0,0.38325405,0
2020-10-12,2020-10-13,7.0,6.789999961853027,0,0.46305355,0,0.0,0,0.45797244,0,0.38119403,0
2020-10-13,2020-10-14,6.79,6.610000133514404,0,0.4625926,0,0.0,0,0.45392385,0,0.37203667,0
2020-10-14,2020-10-15,6.61,6.559999942779541,0,0.4724685,0,0.0,0,0.44805834,0,0.36509684,0
2020-10-15,2020-10-16,6.56,6.760000228881836,1,0.49855626,0,0.0,0,0.45178527,0,0.37040633,0
2020-10-16,2020-10-19,6.76,6.889999866485596,1,0.48629093,0,0.0,0,0.453026,0,0.37847123,0
2020-10-19,2020-10-20,6.89,6.610000133514404,0,0.50861835,1,0.0,0,0.45461515,0,0.37651002,0
2020-10-20,2020-10-21,6.61,6.489999771118164,0,0.4796513,0,0.0,0,0.454173,0,0.36965474,0
2020-10-21,2020-10-22,6.49,6.599999904632568,1,0.48156577,0,0.0,0,0.45424658,0,0.36885163,0
2020-10-22,2020-10-23,6.6,6.650000095367432,1,0.48336327,0,0.0,0,0.45648697,0,0.3750909,0
2020-10-23,2020-10-26,6.65,6.71999979019165,1,0.4797797,0,0.0,0,0.46278453,0,0.38406456,0
2020-10-26,2020-10-27,6.72,6.360000133514404,0,0.4897415,0,0.0,0,0.46145356,0,0.38479993,0
2020-10-27,2020-10-28,6.36,6.119999885559082,0,0.50068223,1,0.0,0,0.46198055,0,0.38977882,0
2020-10-28,2020-10-29,6.12,6.309999942779541,1,0.5038526,1,0.0,0,0.4537214,0,0.38454458,0
2020-10-29,2020-10-30,6.31,6.260000228881836,0,0.4949043,0,0.0,0,0.45637834,0,0.39642018,0
2020-10-30,2020-11-02,6.26,6.940000057220459,1,0.47978413,0,0.0,0,0.46018648,0,0.40143064,0
2020-11-02,2020-11-03,6.94,7.050000190734863,1,0.49433547,0,0.0,0,0.462701,0,0.4197075,0
2020-11-03,2020-11-04,7.05,7.019999980926514,0,0.4751145,0,0.0,0,0.46258816,0,0.4085514,0
2020-11-04,2020-11-05,7.02,7.519999980926514,1,0.4747935,0,0.0,0,0.46309686,0,0.4111734,0
2020-11-05,2020-11-06,7.52,7.610000133514404,1,0.50274754,1,0.0,0,0.46309048,0,0.41024247,0
2020-11-06,2020-11-09,7.61,8.09000015258789,1,0.45982864,0,0.0,0,0.46277896,0,0.42320725,0
2020-11-09,2020-11-10,8.09,8.800000190734863,1,0.52248454,1,0.0,0,0.4653645,0,0.4436601,0
2020-11-10,2020-11-11,8.8,8.300000190734863,0,0.50404423,1,0.0,0,0.47032487,0,0.4842585,0
2020-11-11,2020-11-12,8.3,7.909999847412109,0,0.4821693,0,0.0,0,0.462117,0,0.49646825,0
2020-11-12,2020-11-13,7.91,8.260000228881836,1,0.49611005,0,0.0,0,0.46210378,0,0.49854106,0
2020-11-13,2020-11-16,8.26,8.369999885559082,1,0.5217319,1,0.0,0,0.47136343,0,0.5208379,1
2020-11-16,2020-11-17,8.37,8.609999656677246,1,0.46483687,0,0.0,0,0.47144026,0,0.5237894,1
2020-11-17,2020-11-18,8.61,8.1899995803833,0,0.51329815,1,0.0,0,0.4731706,0,0.5317938,1
2020-11-18,2020-11-19,8.19,8.329999923706055,1,0.49768913,0,0.0,0,0.46626848,0,0.5240842,1
2020-11-19,2020-11-20,8.33,8.119999885559082,0,0.5188277,1,0.0,0,0.46802622,0,0.5313816,1
2020-11-20,2020-11-23,8.12,8.3100004196167,1,0.49212673,0,0.0,0,0.4646277,0,0.5213419,1
2020-11-23,2020-11-24,8.31,8.819999694824219,1,0.48293644,0,0.0,0,0.4668951,0,0.5213802,1
2020-11-24,2020-11-25,8.82,8.760000228881836,0,0.5259664,1,0.0,0,0.46536148,0,0.5236333,1
2020-11-25,2020-11-27,8.76,9.06999969482422,1,0.4611572,0,0.0,0,0.473658,0,0.5120106,1
2020-11-27,2020-11-30,9.07,8.609999656677246,0,0.51444256,1,0.0,0,0.4754278,0,0.5177115,1
2020-11-30,2020-12-01,8.61,8.859999656677246,1,0.47662967,0,0.0,0,0.46243775,0,0.5049653,1
2020-12-01,2020-12-02,8.86,9.119999885559082,1,0.5058692,1,0.0,0,0.46803665,0,0.5092821,1
2020-12-02,2020-12-03,9.12,8.970000267028809,0,0.5258736,1,0.0,0,0.47034296,0,0.50466526,1
2020-12-03,2020-12-04,8.97,9.079999923706056,1,0.50738066,1,0.0,0,0.46901184,0,0.49613628,0
2020-12-04,2020-12-07,9.08,8.949999809265137,0,0.5015673,1,0.0,0,0.4662495,0,0.4947649,0
2020-12-07,2020-12-08,8.95,8.720000267028809,0,0.48688412,0,0.0,0,0.46542096,0,0.48738924,0
2020-12-08,2020-12-09,8.72,8.789999961853027,1,0.47521666,0,0.0,0,0.46587068,0,0.48513547,0
2020-12-09,2020-12-10,8.79,9.380000114440918,1,0.46726027,0,0.0,0,0.4678794,0,0.4855824,0
2020-12-10,2020-12-11,9.38,8.989999771118164,0,0.51654595,1,0.0,0,0.46665037,0,0.48396817,0
2020-12-11,2020-12-14,8.99,8.8100004196167,0,0.4968609,0,0.0,0,0.46396017,0,0.47832316,0
2020-12-14,2020-12-15,8.81,9.0600004196167,1,0.49286166,0,0.0,0,0.4675799,0,0.47821763,0
2020-12-15,2020-12-16,9.06,9.039999961853027,0,0.46540517,0,0.0,0,0.46900845,0,0.48021358,0
2020-12-16,2020-12-17,9.04,8.899999618530273,0,0.46937564,0,0.0,0,0.46739867,0,0.47747967,0
2020-12-17,2020-12-18,8.9,8.729999542236328,0,0.48475155,0,0.0,0,0.4673935,0,0.47679466,0
2020-12-18,2020-12-21,8.73,8.470000267028809,0,0.4758249,0,0.0,0,0.46350634,0,0.4725492,0
2020-12-21,2020-12-22,8.47,8.449999809265137,0,0.47701102,0,0.0,0,0.46537584,0,0.4645173,0
2020-12-22,2020-12-23,8.45,8.6899995803833,1,0.5081736,1,0.0,0,0.46405628,0,0.45839143,0
2020-12-23,2020-12-24,8.69,8.680000305175781,0,0.50141156,1,0.0,0,0.46872702,0,0.47656387,0
2020-12-24,2020-12-28,8.68,8.670000076293945,0,0.47288767,0,0.0,0,0.46948445,0,0.48372653,0
2020-12-28,2020-12-29,8.67,9.130000114440918,1,0.5049971,1,0.0,0,0.467425,0,0.47931018,0
2020-12-29,2020-12-30,9.13,8.880000114440918,0,0.511657,1,0.0,0,0.46374473,0,0.46063447,0
2020-12-30,2020-12-31,8.88,8.739999771118164,0,0.4783755,0,0.0,0,0.46412534,0,0.45456526,0
2020-12-31,2021-01-04,8.74,8.279999732971191,0,0.46180427,0,0.0,0,0.4644999,0,0.44304112,0
2021-01-04,2021-01-05,8.28,8.1899995803833,0,0.45902678,0,0.0,0,0.4565458,0,0.4236874,0
2021-01-05,2021-01-06,8.19,8.3100004196167,1,0.5030145,1,0.0,0,0.4630749,0,0.43682334,0
2021-01-06,2021-01-07,8.31,8.319999694824219,1,0.48921472,0,0.0,0,0.46266073,0,0.4453588,0
2021-01-07,2021-01-08,8.32,8.220000267028809,0,0.4606798,0,0.0,0,0.46124047,0,0.44276422,0
2021-01-08,2021-01-11,8.22,7.940000057220459,0,0.47352216,0,0.0,0,0.46664146,0,0.45215967,0
2021-01-11,2021-01-12,7.94,8.109999656677246,1,0.4765752,0,0.0,0,0.45996118,0,0.4365276,0
2021-01-12,2021-01-13,8.11,8.100000381469727,0,0.49206755,0,0.0,0,0.46103138,0,0.43557,0
2021-01-13,2021-01-14,8.1,8.270000457763672,1,0.49906233,0,0.0,0,0.46586877,0,0.44240212,0
2021-01-14,2021-01-15,8.27,8.0,0,0.46929482,0,0.0,0,0.4659,0,0.44395337,0
2021-01-15,2021-01-19,8.0,7.78000020980835,0,0.48260704,0,0.0,0,0.46697703,0,0.44437003,0
2021-01-19,2021-01-20,7.78,7.880000114440918,1,0.46326593,0,0.0,0,0.46323788,0,0.43582425,0
2021-01-20,2021-01-21,7.88,7.610000133514404,0,0.47473907,0,0.0,0,0.46276337,0,0.43313447,0
2021-01-21,2021-01-22,7.61,7.480000019073486,0,0.45833337,0,0.0,0,0.4607491,0,0.4292493,0
2021-01-22,2021-01-25,7.48,7.380000114440918,0,0.5053962,1,0.0,0,0.4621267,0,0.42559424,0
2021-01-25,2021-01-26,7.38,7.78000020980835,1,0.4717702,0,0.0,0,0.46751142,0,0.43368173,0
2021-01-26,2021-01-27,7.78,7.710000038146973,0,0.49785,0,0.0,0,0.46113032,0,0.43682018,0
2021-01-27,2021-01-28,7.71,7.75,1,0.49228087,0,0.0,0,0.46364036,0,0.42951146,0
2021-01-28,2021-01-29,7.75,7.460000038146973,0,0.4859002,0,0.0,0,0.4672048,0,0.44231358,0
2021-01-29,2021-02-01,7.46,7.860000133514404,1,0.47232553,0,0.0,0,0.46814996,0,0.43336952,0
2021-02-01,2021-02-02,7.86,7.78000020980835,0,0.47578374,0,0.0,0,0.46656722,0,0.43913847,0
2021-02-02,2021-02-03,7.78,7.78000020980835,0,0.46904883,0,0.0,0,0.46637672,0,0.43229386,0
2021-02-03,2021-02-04,7.78,8.020000457763672,1,0.4745391,0,0.0,0,0.46679002,0,0.43937692,0
2021-02-04,2021-02-05,8.02,8.270000457763672,1,0.47980812,0,0.0,0,0.46532658,0,0.42732948,0
2021-02-05,2021-02-08,8.27,8.3100004196167,1,0.47975218,0,0.0,0,0.46546102,0,0.42147255,0
2021-02-08,2021-02-09,8.31,8.270000457763672,0,0.49262866,0,0.0,0,0.46418607,0,0.40835336,0
2021-02-09,2021-02-10,8.27,8.130000114440918,0,0.46761724,0,0.0,0,0.46676105,0,0.42254838,0
2021-02-10,2021-02-11,8.13,8.300000190734863,1,0.48053572,0,0.0,0,0.46727642,0,0.42602336,0
2021-02-11,2021-02-12,8.3,8.279999732971191,0,0.48552918,0,0.0,0,0.4664236,0,0.42460606,0
2021-02-12,2021-02-16,8.28,8.59000015258789,1,0.48214823,0,0.0,0,0.46609578,0,0.42790213,0
2021-02-16,2021-02-17,8.59,8.630000114440918,1,0.5142793,1,0.0,0,0.46414387,0,0.4274648,0
2021-02-17,2021-02-18,8.63,8.720000267028809,1,0.49017826,0,0.0,0,0.46593153,0,0.44819257,0
2021-02-18,2021-02-19,8.72,8.630000114440918,0,0.5499191,1,0.0,0,0.46046445,0,0.42925417,0
2021-02-19,2021-02-22,8.63,8.029999732971191,0,0.5023779,1,0.0,0,0.46311942,0,0.43291828,0
2021-02-22,2021-02-23,8.03,7.949999809265137,0,0.46732807,0,0.0,0,0.45946628,0,0.42012396,0
2021-02-23,2021-02-24,7.95,8.15999984741211,1,0.51909244,1,0.0,0,0.4583416,0,0.4038452,0
2021-02-24,2021-02-25,8.16,7.650000095367432,0,0.51612043,1,0.0,0,0.46563128,0,0.42796242,0
2021-02-25,2021-02-26,7.65,7.449999809265137,0,0.4652928,0,0.0,0,0.4569776,0,0.42841128,0
2021-02-26,2021-03-01,7.45,7.590000152587891,1,0.47041923,0,0.0,0,0.45436054,0,0.42450228,0
2021-03-01,2021-03-02,7.59,7.670000076293945,1,0.49617827,0,0.0,0,0.46464938,0,0.44961336,0
2021-03-02,2021-03-03,7.67,7.28000020980835,0,0.48811275,0,0.0,0,0.46614015,0,0.45894662,0
2021-03-03,2021-03-04,7.28,7.389999866485596,1,0.48000804,0,0.0,0,0.46407396,0,0.4436235,0
2021-03-04,2021-03-05,7.39,7.119999885559082,0,0.49629825,0,0.0,0,0.45802826,0,0.43192673,0
2021-03-05,2021-03-08,7.12,7.130000114440918,1,0.45382738,0,0.0,0,0.4583918,0,0.4209855,0
2021-03-08,2021-03-09,7.13,7.190000057220459,1,0.49372965,0,0.0,0,0.45656666,0,0.4164565,0
2021-03-09,2021-03-10,7.19,7.75,1,0.4916735,0,0.0,0,0.45815444,0,0.41943166,0
2021-03-10,2021-03-11,7.75,7.860000133514404,1,0.49730763,0,0.0,0,0.46234927,0,0.43537837,0
2021-03-11,2021-03-12,7.86,7.940000057220459,1,0.46615312,0,0.0,0,0.463695,0,0.4292101,0
2021-03-12,2021-03-15,7.94,8.220000267028809,1,0.50350845,1,0.0,0,0.46452126,0,0.4175361,0
2021-03-15,2021-03-16,8.22,8.0,0,0.49640882,0,0.0,0,0.464554,0,0.40790412,0
2021-03-16,2021-03-17,8.0,8.069999694824219,1,0.47081253,0,0.0,0,0.46467188,0,0.41393706,0
2021-03-17,2021-03-18,8.07,7.800000190734863,0,0.48490757,0,0.0,0,0.4663541,0,0.41165888,0
2021-03-18,2021-03-19,7.8,7.920000076293945,1,0.47337243,0,0.0,0,0.4674587,0,0.42147484,0
2021-03-19,2021-03-22,7.92,7.900000095367432,0,0.50104254,1,0.0,0,0.46819648,0,0.43346596,0
2021-03-22,2021-03-23,7.9,7.880000114440918,0,0.46644923,0,0.0,0,0.4678868,0,0.44491187,0
2021-03-23,2021-03-24,7.88,7.650000095367432,0,0.50841427,1,0.0,0,0.46769807,0,0.45151263,0
2021-03-24,2021-03-25,7.65,7.599999904632568,0,0.4760044,0,0.0,0,0.46603388,0,0.44239804,0
2021-03-25,2021-03-26,7.6,7.650000095367432,1,0.4941727,0,0.0,0,0.46638864,0,0.44288418,0
2021-03-26,2021-03-29,7.65,7.590000152587891,0,0.47697446,0,0.0,0,0.46655434,0,0.4488579,0
2021-03-29,2021-03-30,7.59,7.699999809265137,1,0.47903982,0,0.0,0,0.46891564,0,0.46809477,0
2021-03-30,2021-03-31,7.7,7.610000133514404,0,0.48752382,0,0.0,0,0.46632642,0,0.4641635,0
2021-03-31,2021-04-01,7.61,7.590000152587891,0,0.49995732,0,0.0,0,0.4670061,0,0.46694654,0
2021-04-01,2021-04-05,7.59,7.670000076293945,1,0.4775841,0,0.0,0,0.46847495,0,0.474385,0
2021-04-05,2021-04-06,7.67,7.800000190734863,1,0.46135604,0,0.0,0,0.46761307,0,0.4721942,0
2021-04-06,2021-04-07,7.8,7.769999980926514,0,0.51571065,1,0.0,0,0.46540543,0,0.45824113,0
2021-04-07,2021-04-08,7.77,7.699999809265137,0,0.4928959,0,0.0,0,0.4646202,0,0.44347948,0
2021-04-08,2021-04-09,7.7,7.510000228881836,0,0.47960216,0,0.0,0,0.4676541,0,0.45296937,0
2021-04-09,2021-04-12,7.51,7.320000171661377,0,0.47992745,0,0.0,0,0.4661586,0,0.44719356,0
2021-04-12,2021-04-13,7.32,7.289999961853027,0,0.45829,0,0.0,0,0.4657419,0,0.43284097,0
2021-04-13,2021-04-14,7.29,7.340000152587891,1,0.48796526,0,0.0,0,0.46630797,0,0.43479887,0
2021-04-14,2021-04-15,7.34,7.199999809265137,0,0.4768653,0,0.0,0,0.46535602,0,0.4348134,0
2021-04-15,2021-04-16,7.2,7.369999885559082,1,0.4811754,0,0.0,0,0.4672973,0,0.44050893,0
2021-04-16,2021-04-19,7.37,7.420000076293945,1,0.48725408,0,0.0,0,0.463127,0,0.4299174,0
2021-04-19,2021-04-20,7.42,7.190000057220459,0,0.5103487,1,0.0,0,0.46518305,0,0.43182042,0
2021-04-20,2021-04-21,7.19,7.230000019073486,1,0.48828685,0,0.0,0,0.46467182,0,0.42445642,0
2021-04-21,2021-04-22,7.23,7.190000057220459,0,0.47552752,0,0.0,0,0.46519244,0,0.42521092,0
2021-04-22,2021-04-23,7.19,7.199999809265137,1,0.4900253,0,0.0,0,0.46848688,0,0.43728048,0
2021-04-23,2021-04-26,7.2,7.409999847412109,1,0.48311222,0,0.0,0,0.46492437,0,0.4302886,0
2021-04-26,2021-04-27,7.41,7.71999979019165,1,0.49607533,0,0.0,0,0.4639861,0,0.4213934,0
2021-04-27,2021-04-28,7.72,7.789999961853027,1,0.50783074,1,0.0,0,0.46396407,0,0.4140627,0
2021-04-28,2021-04-29,7.79,7.630000114440918,0,0.51959056,1,0.0,0,0.4640729,0,0.4086593,0
2021-04-29,2021-04-30,7.63,7.489999771118164,0,0.47600114,0,0.0,0,0.4656201,0,0.42071167,0
2021-04-30,2021-05-03,7.49,7.320000171661377,0,0.481474,0,0.0,0,0.46649197,0,0.42750362,0
2021-05-03,2021-05-04,7.32,7.239999771118164,0,0.4801479,0,0.0,0,0.46613398,0,0.42575574,0
2021-05-04,2021-05-05,7.24,7.28000020980835,1,0.48616073,0,0.0,0,0.46592394,0,0.4277919,0
2021-05-05,2021-05-06,7.28,7.460000038146973,1,0.47955903,0,0.0,0,0.46709606,0,0.4446099,0
2021-05-06,2021-05-07,7.46,7.889999866485596,1,0.47417456,0,0.0,0,0.46651253,0,0.45558083,0
2021-05-07,2021-05-10,7.89,7.940000057220459,1,0.50973034,1,0.0,0,0.46448123,0,0.4455026,0
2021-05-10,2021-05-11,7.94,7.849999904632568,0,0.5018087,1,0.0,0,0.4622599,0,0.4326706,0
2021-05-11,2021-05-12,7.85,7.690000057220459,0,0.4825268,0,0.0,0,0.46354,0,0.42809835,0
2021-05-12,2021-05-13,7.69,7.960000038146973,1,0.4831106,0,0.0,0,0.46586484,0,0.4343018,0
2021-05-13,2021-05-14,7.96,8.329999923706055,1,0.5003544,1,0.0,0,0.46461597,0,0.43581885,0
2021-05-14,2021-05-17,8.33,8.5600004196167,1,0.5213784,1,0.0,0,0.46152997,0,0.4355376,0
2021-05-17,2021-05-18,8.56,8.420000076293945,0,0.47233462,0,0.0,0,0.46142152,0,0.4506336,0
2021-05-18,2021-05-19,8.42,8.34000015258789,0,0.4737911,0,0.0,0,0.46120477,0,0.46074432,0
2021-05-19,2021-05-20,8.34,8.550000190734863,1,0.49893928,0,0.0,0,0.4644396,0,0.47915864,0
2021-05-20,2021-05-21,8.55,8.229999542236328,0,0.495163,0,0.0,0,0.46302366,0,0.4812768,0
2021-05-21,2021-05-24,8.23,8.130000114440918,0,0.4754868,0,0.0,0,0.4644889,0,0.4815948,0
2021-05-24,2021-05-25,8.13,8.100000381469727,0,0.48239735,0,0.0,0,0.46787483,0,0.4885659,0
2021-05-25,2021-05-26,8.1,8.3100004196167,1,0.48108417,0,0.0,0,0.46810278,0,0.4916138,0
2021-05-26,2021-05-27,8.31,8.569999694824219,1,0.4843307,0,0.0,0,0.46669966,0,0.49137697,0
2021-05-27,2021-05-28,8.57,8.880000114440918,1,0.48395172,0,0.0,0,0.46160606,0,0.48363367,0
2021-05-28,2021-06-01,8.88,9.109999656677246,1,0.51593626,1,0.0,0,0.46191213,0,0.48189142,0
2021-06-01,2021-06-02,9.11,9.06999969482422,0,0.51177216,1,0.0,0,0.45998958,0,0.4777038,0
2021-06-02,2021-06-03,9.07,9.369999885559082,1,0.507805,1,0.0,0,0.4595858,0,0.47041032,0
2021-06-03,2021-06-04,9.37,9.93000030517578,1,0.52843064,1,0.0,0,0.4588914,0,0.45782107,0
2021-06-04,2021-06-07,9.93,10.210000038146973,1,0.5144747,1,0.0,0,0.4644858,0,0.47699678,0
2021-06-07,2021-06-08,10.21,9.770000457763672,0,0.5289924,1,0.0,0,0.46024734,0,0.47031614,0
2021-06-08,2021-06-09,9.77,10.210000038146973,1,0.48156378,0,0.0,0,0.46155697,0,0.45858043,0
2021-06-09,2021-06-10,10.21,10.390000343322754,1,0.5322756,1,0.0,0,0.47005862,0,0.46727926,0
2021-06-10,2021-06-11,10.39,9.90999984741211,0,0.50569195,1,0.0,0,0.46808404,0,0.46245658,0
2021-06-11,2021-06-14,9.91,10.100000381469728,1,0.50382423,1,0.0,0,0.47048372,0,0.46326473,0
2021-06-14,2021-06-15,10.1,10.06999969482422,0,0.5222234,1,0.0,0,0.4710695,0,0.47076774,0
2021-06-15,2021-06-16,10.07,10.220000267028809,1,0.4760639,0,0.0,0,0.46939424,0,0.4716185,0
2021-06-16,2021-06-17,10.22,9.90999984741211,0,0.5119607,1,0.0,0,0.46985462,0,0.4725168,0
2021-06-17,2021-06-18,9.91,9.670000076293944,0,0.4998707,0,0.0,0,0.46746567,0,0.4728239,0
2021-06-18,2021-06-21,9.67,9.449999809265137,0,0.47967356,0,0.0,0,0.46367958,0,0.47734913,0
2021-06-21,2021-06-22,9.45,9.739999771118164,1,0.47162965,0,0.0,0,0.4700954,0,0.48133552,0
2021-06-22,2021-06-23,9.74,9.579999923706056,0,0.5030547,1,0.0,0,0.46868518,0,0.48166808,0
2021-06-23,2021-06-24,9.58,9.539999961853027,0,0.49730945,0,0.0,0,0.46680567,0,0.48005426,0
2021-06-24,2021-06-25,9.54,9.199999809265137,0,0.4832132,0,0.0,0,0.46971047,0,0.48102432,0
2021-06-25,2021-06-28,9.2,9.15999984741211,0,0.4745724,0,0.0,0,0.45615032,0,0.46917278,0
2021-06-28,2021-06-29,9.16,8.800000190734863,0,0.45876968,0,0.0,0,0.46121144,0,0.45999855,0
2021-06-29,2021-06-30,8.8,8.619999885559082,0,0.45752618,0,0.0,0,0.4560926,0,0.4472235,0
2021-06-30,2021-07-01,8.62,8.5,0,0.47965994,0,0.0,0,0.45893908,0,0.44634616,0
2021-07-01,2021-07-02,8.5,8.529999732971191,1,0.47765234,0,0.0,0,0.45524082,0,0.43932003,0
2021-07-02,2021-07-06,8.53,8.3100004196167,0,0.47015738,0,0.0,0,0.45782328,0,0.44228834,0
2021-07-06,2021-07-07,8.31,8.300000190734863,0,0.46546528,0,0.0,0,0.4584996,0,0.44088528,0
2021-07-07,2021-07-08,8.3,8.130000114440918,0,0.4836595,0,0.0,0,0.45716178,0,0.43774477,0
2021-07-08,2021-07-09,8.13,8.199999809265137,1,0.4683792,0,0.0,0,0.462357,0,0.4414445,0
2021-07-09,2021-07-12,8.2,8.579999923706055,1,0.4759241,0,0.0,0,0.4696229,0,0.45914748,0
2021-07-12,2021-07-13,8.58,8.5,0,0.4913783,0,0.0,0,0.46207812,0,0.45288378,0
2021-07-13,2021-07-14,8.5,8.539999961853027,1,0.4499252,0,0.0,0,0.4615783,0,0.43958735,0
2021-07-14,2021-07-15,8.54,8.350000381469727,0,0.49424547,0,0.0,0,0.4612001,0,0.42613655,0
2021-07-15,2021-07-16,8.35,8.180000305175781,0,0.4738376,0,0.0,0,0.46384278,0,0.42305085,0
2021-07-16,2021-07-19,8.18,7.940000057220459,0,0.46119973,0,0.0,0,0.46587238,0,0.42246762,0
2021-07-19,2021-07-20,7.94,8.029999732971191,1,0.47722915,0,0.0,0,0.4528021,0,0.40329587,0
2021-07-20,2021-07-21,8.03,8.380000114440918,1,0.4698979,0,0.0,0,0.4573984,0,0.40924737,0
2021-07-21,2021-07-22,8.38,8.119999885559082,0,0.4972318,0,0.0,0,0.46292773,0,0.41964912,0
2021-07-22,2021-07-23,8.12,7.96999979019165,0,0.46286297,0,0.0,0,0.46134183,0,0.41237158,0
2021-07-23,2021-07-26,7.97,8.149999618530273,1,0.480427,0,0.0,0,0.46234778,0,0.413264,0
2021-07-26,2021-07-27,8.15,8.09000015258789,0,0.4920471,0,0.0,0,0.46497312,0,0.4213099,0
2021-07-27,2021-07-28,8.09,8.260000228881836,1,0.48485935,0,0.0,0,0.4659989,0,0.42361805,0
2021-07-28,2021-07-29,8.26,8.079999923706055,0,0.47907013,0,0.0,0,0.46761963,0,0.43506914,0
2021-07-29,2021-07-30,8.08,7.809999942779541,0,0.4652504,0,0.0,0,0.4619121,0,0.41920766,0
2021-07-30,2021-08-02,7.81,7.789999961853027,0,0.4728601,0,0.0,0,0.45653054,0,0.4010206,0
2021-08-02,2021-08-03,7.79,8.020000457763672,1,0.48829055,0,0.0,0,0.4634288,0,0.41068646,0
2021-08-03,2021-08-04,8.02,7.960000038146973,0,0.48399895,0,0.0,0,0.46498638,0,0.42070433,0
2021-08-04,2021-08-05,7.96,8.100000381469727,1,0.47613114,0,0.0,0,0.4669619,0,0.43202505,0
2021-08-05,2021-08-06,8.1,8.210000038146973,1,0.49968645,0,0.0,0,0.4671334,0,0.44062033,0
2021-08-06,2021-08-09,8.21,8.199999809265137,0,0.49020594,0,0.0,0,0.46703437,0,0.44418326,0
2021-08-09,2021-08-10,8.2,8.550000190734863,1,0.45871723,0,0.0,0,0.4662978,0,0.43581295,0
2021-08-10,2021-08-11,8.55,8.710000038146973,1,0.49073023,0,0.0,0,0.4656301,0,0.42747036,0
2021-08-11,2021-08-12,8.71,8.710000038146973,0,0.4825263,0,0.0,0,0.46370906,0,0.41664335,0
2021-08-12,2021-08-13,8.71,8.479999542236328,0,0.46646333,0,0.0,0,0.465002,0,0.42035857,0
2021-08-13,2021-08-16,8.48,8.359999656677246,0,0.46316227,0,0.0,0,0.4660814,0,0.42501915,0
2021-08-16,2021-08-17,8.36,8.319999694824219,0,0.49535483,0,0.0,0,0.46923175,0,0.4530032,0
2021-08-17,2021-08-18,8.32,8.1899995803833,0,0.5060146,1,0.0,0,0.4679621,0,0.44716862,0
2021-08-18,2021-08-19,8.19,8.300000190734863,1,0.51408774,1,0.0,0,0.46508667,0,0.4351612,0
2021-08-19,2021-08-20,8.3,8.550000190734863,1,0.49450228,0,0.0,0,0.46741977,0,0.44155407,0
2021-08-20,2021-08-23,8.55,8.960000038146973,1,0.5120624,1,0.0,0,0.46787587,0,0.45987386,0
2021-08-23,2021-08-24,8.96,9.739999771118164,1,0.49708492,0,0.0,0,0.46454173,0,0.45688593,0
2021-08-24,2021-08-25,9.74,10.119999885559082,1,0.5247656,1,0.0,0,0.46312433,0,0.4557932,0
2021-08-25,2021-08-26,10.12,10.050000190734863,0,0.4976041,0,0.0,0,0.4654308,0,0.465766,0
2021-08-26,2021-08-27,10.05,10.229999542236328,1,0.47610524,0,0.0,0,0.46168512,0,0.4702821,0
2021-08-27,2021-08-30,10.23,10.979999542236328,1,0.5539703,1,0.0,0,0.46150926,0,0.4675609,0
2021-08-30,2021-08-31,10.98,10.779999732971191,0,0.5297147,1,0.0,0,0.46596962,0,0.46948907,0
2021-08-31,2021-09-01,10.78,10.550000190734863,0,0.5164373,1,0.0,0,0.46608815,0,0.45835462,0
2021-09-01,2021-09-02,10.55,10.359999656677246,0,0.51416606,1,0.0,0,0.46853262,0,0.453834,0
2021-09-02,2021-09-03,10.36,10.279999732971191,0,0.48889282,0,0.0,0,0.4705452,0,0.4589399,0
2021-09-03,2021-09-07,10.28,11.15999984741211,1,0.5000856,1,0.0,0,0.47438034,0,0.46512204,0
2021-09-07,2021-09-08,11.16,11.079999923706056,0,0.53687054,1,0.0,0,0.47299057,0,0.46642572,0
2021-09-08,2021-09-09,11.08,10.81999969482422,0,0.46895936,0,0.0,0,0.46879634,0,0.46258363,0
2021-09-09,2021-09-10,10.82,10.5600004196167,0,0.50072634,1,0.0,0,0.46785393,0,0.46319982,0
2021-09-10,2021-09-13,10.56,11.539999961853027,1,0.503326,1,0.0,0,0.4672631,0,0.4655205,0
2021-09-13,2021-09-14,11.54,11.239999771118164,0,0.44769013,0,0.0,0,0.46581566,0,0.4557872,0
2021-09-14,2021-09-15,11.24,11.020000457763672,0,0.5487731,1,0.0,0,0.46735358,0,0.45649922,0
2021-09-15,2021-09-16,11.02,11.06999969482422,1,0.48715916,0,0.0,0,0.46903613,0,0.4599226,0
2021-09-16,2021-09-17,11.07,10.979999542236328,0,0.49901122,0,0.0,0,0.4699413,0,0.46085474,0
2021-09-17,2021-09-20,10.98,9.829999923706056,0,0.49052095,0,0.0,0,0.46821263,0,0.46337488,0
2021-09-20,2021-09-21,9.83,9.609999656677246,0,0.46756303,0,0.0,0,0.44700035,0,0.47302338,0
2021-09-21,2021-09-22,9.61,9.699999809265137,1,0.47216937,0,0.0,0,0.4566875,0,0.4624013,0
2021-09-22,2021-09-23,9.7,9.59000015258789,0,0.5086981,1,0.0,0,0.4620145,0,0.46816477,0
2021-09-23,2021-09-24,9.59,9.380000114440918,0,0.49004385,0,0.0,0,0.4632486,0,0.48032284,0
2021-09-24,2021-09-27,9.38,9.6899995803833,1,0.4886639,0,0.0,0,0.46117392,0,0.47887263,0
2021-09-27,2021-09-28,9.69,9.600000381469728,0,0.49142113,0,0.0,0,0.46426535,0,0.4829926,0
2021-09-28,2021-09-29,9.6,9.760000228881836,1,0.48004478,0,0.0,0,0.46271068,0,0.48166487,0
2021-09-29,2021-09-30,9.76,10.06999969482422,1,0.4968403,0,0.0,0,0.46335375,0,0.4755288,0
2021-09-30,2021-10-01,10.07,10.239999771118164,1,0.5052683,1,0.0,0,0.4598293,0,0.45961154,0
2021-10-01,2021-10-04,10.24,10.149999618530272,0,0.4766869,0,0.0,0,0.46038526,0,0.45105684,0
2021-10-04,2021-10-05,10.15,10.3100004196167,1,0.47058344,0,0.0,0,0.46564037,0,0.455074,0
2021-10-05,2021-10-06,10.31,10.229999542236328,0,0.47798327,0,0.0,0,0.46382934,0,0.4481185,0
2021-10-06,2021-10-07,10.23,10.229999542236328,0,0.45943335,0,0.0,0,0.4608114,0,0.44025508,0
2021-10-07,2021-10-08,10.23,10.25,1,0.47114307,0,0.0,0,0.45967475,0,0.4345281,0
2021-10-08,2021-10-11,10.25,10.3100004196167,1,0.49946854,0,0.0,0,0.4652568,0,0.44490862,0
2021-10-11,2021-10-12,10.31,10.350000381469728,1,0.5053054,1,0.0,0,0.46486512,0,0.44580027,0
2021-10-12,2021-10-13,10.35,10.289999961853027,0,0.47787946,0,0.0,0,0.46565205,0,0.45072824,0
2021-10-13,2021-10-14,10.29,10.31999969482422,1,0.47910932,0,0.0,0,0.46530753,0,0.451788,0
2021-10-14,2021-10-15,10.32,10.739999771118164,1,0.47658938,0,0.0,0,0.4619945,0,0.4410907,0
2021-10-15,2021-10-18,10.74,10.770000457763672,1,0.49559528,0,0.0,0,0.46133757,0,0.44058576,0
2021-10-18,2021-10-19,10.77,10.920000076293944,1,0.45300582,0,0.0,0,0.4618772,0,0.44758222,0
2021-10-19,2021-10-20,10.92,11.710000038146973,1,0.46095568,0,0.0,0,0.4655312,0,0.44968992,0
2021-10-20,2021-10-21,11.71,11.399999618530272,0,0.531163,1,0.0,0,0.46331945,0,0.43985572,0
2021-10-21,2021-10-22,11.4,11.40999984741211,1,0.45588684,0,0.0,0,0.4621686,0,0.442635,0
2021-10-22,2021-10-25,11.41,11.899999618530272,1,0.44385213,0,0.0,0,0.4666731,0,0.44720867,0
2021-10-25,2021-10-26,11.9,11.6899995803833,0,0.5046122,1,0.0,0,0.46682012,0,0.44309464,0
2021-10-26,2021-10-27,11.69,11.010000228881836,0,0.49423698,0,0.0,0,0.4660143,0,0.4483579,0
2021-10-27,2021-10-28,11.01,11.149999618530272,1,0.4786165,0,0.0,0,0.460298,0,0.46009648,0
2021-10-28,2021-10-29,11.15,10.630000114440918,0,0.47468388,0,0.0,0,0.46838078,0,0.46770307,0
2021-10-29,2021-11-01,10.63,10.829999923706056,1,0.44547188,0,0.0,0,0.45770377,0,0.4730203,0
2021-11-01,2021-11-02,10.83,11.140000343322754,1,0.5111755,1,0.0,0,0.46590942,0,0.47878104,0
2021-11-02,2021-11-03,11.14,11.75,1,0.50244766,1,0.0,0,0.4618189,0,0.47455284,0
2021-11-03,2021-11-04,11.75,11.34000015258789,0,0.5243949,1,0.0,0,0.46568125,0,0.4632878,0
2021-11-04,2021-11-05,11.34,11.40999984741211,1,0.45113266,0,0.0,0,0.45984963,0,0.4601481,0
2021-11-05,2021-11-08,11.41,11.890000343322754,1,0.46867403,0,0.0,0,0.46735087,0,0.4604911,0
2021-11-08,2021-11-09,11.89,12.079999923706056,1,0.48070973,0,0.0,0,0.46567893,0,0.4532261,0
2021-11-09,2021-11-10,12.08,12.140000343322754,1,0.4740311,0,0.0,0,0.46363407,0,0.44819435,0
2021-11-10,2021-11-11,12.14,11.880000114440918,0,0.5269758,1,0.0,0,0.46293145,0,0.44750047,0
2021-11-11,2021-11-12,11.88,11.520000457763672,0,0.47910625,0,0.0,0,0.46337166,0,0.45408356,0
2021-11-12,2021-11-15,11.52,11.390000343322754,0,0.44884136,0,0.0,0,0.45838803,0,0.458538,0
2021-11-15,2021-11-16,11.39,10.5,0,0.4284645,0,0.0,0,0.45752683,0,0.46378928,0
2021-11-16,2021-11-17,10.5,10.0600004196167,0,0.4521818,0,0.0,0,0.44832993,0,0.47405398,0
2021-11-17,2021-11-18,10.06,10.1899995803833,1,0.4319605,0,0.0,0,0.44788823,0,0.45898354,0
2021-11-18,2021-11-19,10.19,9.579999923706056,0,0.49455515,0,0.0,0,0.45828062,0,0.46272948,0
2021-11-19,2021-11-22,9.58,9.149999618530272,0,0.47020555,0,0.0,0,0.44807306,0,0.46026593,0
2021-11-22,2021-11-23,9.15,9.260000228881836,1,0.44367898,0,0.0,0,0.4487122,0,0.45469025,0
2021-11-23,2021-11-24,9.26,9.140000343322754,0,0.48767224,0,0.0,0,0.44603705,0,0.44255403,0
2021-11-24,2021-11-26,9.14,9.149999618530272,1,0.45848456,0,0.0,0,0.45217934,0,0.4512271,0
2021-11-26,2021-11-29,9.15,8.789999961853027,0,0.44757423,0,0.0,0,0.45249927,0,0.449004,0
2021-11-29,2021-11-30,8.79,8.680000305175781,0,0.4835191,0,0.0,0,0.4504836,0,0.4384873,0
2021-11-30,2021-12-01,8.68,9.43000030517578,1,0.486226,0,0.0,0,0.43357608,0,0.40465856,0
2021-12-01,2021-12-02,9.43,9.529999732971191,1,0.45084238,0,0.0,0,0.45308286,0,0.44214132,0
2021-12-02,2021-12-03,9.53,9.170000076293944,0,0.44807574,0,0.0,0,0.4533669,0,0.43853432,0
2021-12-03,2021-12-06,9.17,9.390000343322754,1,0.42878574,0,0.0,0,0.4567747,0,0.43308613,0
2021-12-06,2021-12-07,9.39,9.630000114440918,1,0.47694632,0,0.0,0,0.4575272,0,0.42997113,0
2021-12-07,2021-12-08,9.63,9.710000038146973,1,0.47741178,0,0.0,0,0.4574861,0,0.42645782,0
2021-12-08,2021-12-09,9.71,9.760000228881836,1,0.46153432,0,0.0,0,0.46251363,0,0.43110755,0
2021-12-09,2021-12-10,9.76,9.56999969482422,0,0.4856393,0,0.0,0,0.4591756,0,0.4231882,0
2021-12-10,2021-12-13,9.57,9.100000381469728,0,0.44558537,0,0.0,0,0.4613749,0,0.42144725,0
2021-12-13,2021-12-14,9.1,9.329999923706056,1,0.45681384,0,0.0,0,0.4603409,0,0.42362416,0
2021-12-14,2021-12-15,9.33,9.5,1,0.48772714,0,0.0,0,0.4597631,0,0.42375425,0
2021-12-15,2021-12-16,9.5,9.75,1,0.49198836,0,0.0,0,0.46165088,0,0.43036604,0
2021-12-16,2021-12-17,9.75,9.399999618530272,0,0.49654597,0,0.0,0,0.46399307,0,0.43629196,0
2021-12-17,2021-12-20,9.4,9.449999809265137,1,0.47775894,0,0.0,0,0.45813438,0,0.4281283,0
2021-12-20,2021-12-21,9.45,9.489999771118164,1,0.46309075,0,0.0,0,0.4650055,0,0.43843213,0
2021-12-21,2021-12-22,9.49,9.539999961853027,1,0.49293754,0,0.0,0,0.4651039,0,0.4447791,0
2021-12-22,2021-12-23,9.54,9.6899995803833,1,0.469805,0,0.0,0,0.46687457,0,0.44925824,0
2021-12-23,2021-12-27,9.69,10.149999618530272,1,0.47981256,0,0.0,0,0.46309784,0,0.442543,0
2021-12-27,2021-12-28,10.15,9.609999656677246,0,0.49559608,0,0.0,0,0.4630281,0,0.43860975,0
2021-12-28,2021-12-29,9.61,9.850000381469728,1,0.50452137,1,0.0,0,0.45426616,0,0.42554644,0
2021-12-29,2021-12-30,9.85,9.739999771118164,0,0.4538731,0,0.0,0,0.45462412,0,0.393949,0
2021-12-30,2021-12-31,9.74,9.489999771118164,0,0.47391805,0,0.0,0,0.46553928,0,0.43246245,0
2021-12-31,2022-01-03,9.49,9.699999809265137,1,0.48074237,0,0.0,0,0.46807772,0,0.46020454,0
2022-01-03,2022-01-04,9.7,9.630000114440918,0,0.48567924,0,0.0,0,0.4693167,0,0.46900144,0
2022-01-04,2022-01-05,9.63,9.18000030517578,0,0.46204445,0,0.0,0,0.46783453,0,0.47167572,0
2022-01-05,2022-01-06,9.18,9.270000457763672,1,0.45334643,0,0.0,0,0.46403036,0,0.47097135,0
2022-01-06,2022-01-07,9.27,9.380000114440918,1,0.49209306,0,0.0,0,0.46482843,0,0.46944177,0
2022-01-07,2022-01-10,9.38,9.270000457763672,0,0.47999963,0,0.0,0,0.46911588,0,0.47978556,0
2022-01-10,2022-01-11,9.27,9.510000228881836,1,0.47909015,0,0.0,0,0.46845758,0,0.47914273,0
2022-01-11,2022-01-12,9.51,9.56999969482422,1,0.49555662,0,0.0,0,0.46862727,0,0.47736427,0
2022-01-12,2022-01-13,9.57,9.520000457763672,0,0.48867443,0,0.0,0,0.46828267,0,0.47236478,0
2022-01-13,2022-01-14,9.52,9.489999771118164,0,0.49569342,0,0.0,0,0.46798646,0,0.46892524,0
2022-01-14,2022-01-18,9.49,8.90999984741211,0,0.486337,0,0.0,0,0.46863356,0,0.46755606,0
2022-01-18,2022-01-19,8.91,9.0,1,0.47606814,0,0.0,0,0.45805576,0,0.4560496,0
2022-01-19,2022-01-20,9.0,8.850000381469727,0,0.47475168,0,0.0,0,0.4618646,0,0.44961202,0
2022-01-20,2022-01-21,8.85,8.430000305175781,0,0.48196852,0,0.0,0,0.46328142,0,0.45521894,0
2022-01-21,2022-01-24,8.43,8.260000228881836,0,0.46382228,0,0.0,0,0.46073613,0,0.45475966,0
2022-01-24,2022-01-25,8.26,8.5600004196167,1,0.4470108,0,0.0,0,0.45418268,0,0.44040108,0
2022-01-25,2022-01-26,8.56,8.6899995803833,1,0.5063667,1,0.0,0,0.45999607,0,0.451361,0
2022-01-26,2022-01-27,8.69,8.680000305175781,0,0.48383248,0,0.0,0,0.46411455,0,0.46228895,0
2022-01-27,2022-01-28,8.68,9.529999732971191,1,0.47255036,0,0.0,0,0.46385327,0,0.45481735,0
2022-01-28,2022-01-31,9.53,9.68000030517578,1,0.44620275,0,0.0,0,0.45895135,0,0.43907577,0
2022-01-31,2022-02-01,9.68,9.68000030517578,0,0.46910113,0,0.0,0,0.4619594,0,0.43043438,0
2022-02-01,2022-02-02,9.68,9.59000015258789,0,0.47737503,0,0.0,0,0.46504468,0,0.437179,0
2022-02-02,2022-02-03,9.59,9.300000190734863,0,0.44468826,0,0.0,0,0.4668439,0,0.44966543,0
2022-02-03,2022-02-04,9.3,9.300000190734863,0,0.4741373,0,0.0,0,0.4675437,0,0.45799968,0
2022-02-04,2022-02-07,9.3,9.369999885559082,1,0.4576901,0,0.0,0,0.46955976,0,0.4640579,0
2022-02-07,2022-02-08,9.37,9.34000015258789,0,0.49367833,0,0.0,0,0.46952844,0,0.4716906,0
2022-02-08,2022-02-09,9.34,9.279999732971191,0,0.5076687,1,0.0,0,0.46829858,0,0.47196922,0
2022-02-09,2022-02-10,9.28,9.229999542236328,0,0.48239768,0,0.0,0,0.46173146,0,0.45612115,0
2022-02-10,2022-02-11,9.23,9.029999732971191,0,0.5287376,1,0.0,0,0.4656239,0,0.45041797,0
2022-02-11,2022-02-14,9.03,9.0,0,0.5338828,1,0.0,0,0.45552838,0,0.41777343,0
2022-02-14,2022-02-15,9.0,9.170000076293944,1,0.474286,0,0.0,0,0.4657293,0,0.42699757,0
2022-02-15,2022-02-16,9.17,9.720000267028809,1,0.49260372,0,0.0,0,0.46885565,0,0.45406693,0
2022-02-16,2022-02-17,9.72,9.43000030517578,0,0.5081023,1,0.0,0,0.4649356,0,0.45222947,0
2022-02-17,2022-02-18,9.43,9.68000030517578,1,0.47333875,0,0.0,0,0.4675503,0,0.46570972,0
2022-02-18,2022-02-22,9.68,10.1899995803833,1,0.50626284,1,0.0,0,0.46637642,0,0.4625506,0
2022-02-22,2022-02-23,10.19,10.119999885559082,0,0.5302228,1,0.0,0,0.46238005,0,0.44391027,0
2022-02-23,2022-02-24,10.12,9.970000267028809,0,0.4806418,0,0.0,0,0.46287256,0,0.45008662,0
2022-02-24,2022-02-25,9.97,9.890000343322754,0,0.47992736,0,0.0,0,0.46357498,0,0.4464256,0
2022-02-25,2022-02-28,9.89,9.470000267028809,0,0.47518456,0,0.0,0,0.4668544,0,0.45578447,0
2022-02-28,2022-03-01,9.47,9.649999618530272,1,0.47215405,0,0.0,0,0.46413702,0,0.45554417,0
2022-03-01,2022-03-02,9.65,9.890000343322754,1,0.51154613,1,0.0,0,0.4660618,0,0.4481997,0
2022-03-02,2022-03-03,9.89,9.989999771118164,1,0.51092964,1,0.0,0,0.46706787,0,0.4639002,0
2022-03-03,2022-03-04,9.99,9.59000015258789,0,0.48284832,0,0.0,0,0.4658676,0,0.46574026,0
2022-03-04,2022-03-07,9.59,9.109999656677246,0,0.48139676,0,0.0,0,0.46334198,0,0.4644024,0
2022-03-07,2022-03-08,9.11,9.380000114440918,1,0.4702329,0,0.0,0,0.46017492,0,0.45636466,0
2022-03-08,2022-03-09,9.38,9.949999809265137,1,0.5182573,1,0.0,0,0.46708274,0,0.46935147,0
2022-03-09,2022-03-10,9.95,10.300000190734863,1,0.5016463,1,0.0,0,0.4680465,0,0.47484285,0
2022-03-10,2022-03-11,10.3,10.140000343322754,0,0.5173961,1,0.0,0,0.4657277,0,0.46542037,0
2022-03-11,2022-03-14,10.14,9.920000076293944,0,0.46927416,0,0.0,0,0.46456262,0,0.4607433,0
2022-03-14,2022-03-15,9.92,9.93000030517578,1,0.450697,0,0.0,0,0.46554816,0,0.4607961,0
2022-03-15,2022-03-16,9.93,10.149999618530272,1,0.47789,0,0.0,0,0.4678709,0,0.46269268,0
2022-03-16,2022-03-17,10.15,10.460000038146973,1,0.46349096,0,0.0,0,0.46409875,0,0.45963705,0
2022-03-17,2022-03-18,10.46,10.260000228881836,0,0.48272967,0,0.0,0,0.46775192,0,0.4589168,0
2022-03-18,2022-03-21,10.26,10.4399995803833,1,0.50668156,1,0.0,0,0.4654337,0,0.45856532,0
2022-03-21,2022-03-22,10.44,10.420000076293944,0,0.50473815,1,0.0,0,0.46702865,0,0.4575036,0
2022-03-22,2022-03-23,10.42,10.270000457763672,0,0.52176416,1,0.0,0,0.4664785,0,0.45719317,0
2022-03-23,2022-03-24,10.27,10.850000381469728,1,0.50290567,1,0.0,0,0.46450704,0,0.45885056,0
2022-03-24,2022-03-25,10.85,10.699999809265137,0,0.52173066,1,0.0,0,0.46760648,0,0.4565098,0
2022-03-25,2022-03-28,10.7,10.6899995803833,0,0.46565408,0,0.0,0,0.46362433,0,0.4556875,0
2022-03-28,2022-03-29,10.69,10.6899995803833,0,0.4912991,0,0.0,0,0.46734586,0,0.45754114,0
2022-03-29,2022-03-30,10.69,10.829999923706056,1,0.49611798,0,0.0,0,0.46782872,0,0.45988044,0
2022-03-30,2022-03-31,10.83,10.800000190734863,0,0.4869482,0,0.0,0,0.46788284,0,0.45967582,0
2022-03-31,2022-04-01,10.8,11.100000381469728,1,0.5080021,1,0.0,0,0.46771997,0,0.4617984,0
2022-04-01,2022-04-04,11.1,11.010000228881836,0,0.51200986,1,0.0,0,0.4679124,0,0.460268,0
2022-04-04,2022-04-05,11.01,10.619999885559082,0,0.49309772,0,0.0,0,0.46647215,0,0.45876652,0
2022-04-05,2022-04-06,10.62,10.510000228881836,0,0.46833318,0,0.0,0,0.46607113,0,0.46227145,0
2022-04-06,2022-04-07,10.51,10.3100004196167,0,0.48913783,0,0.0,0,0.46374977,0,0.46691576,0
2022-04-07,2022-04-08,10.31,10.300000190734863,0,0.46994725,0,0.0,0,0.46362755,0,0.46799928,0
2022-04-08,2022-04-11,10.3,9.979999542236328,0,0.4921429,0,0.0,0,0.47022185,0,0.47495618,0
2022-04-11,2022-04-12,9.98,9.93000030517578,0,0.46680233,0,0.0,0,0.46362796,0,0.47732952,0
2022-04-12,2022-04-13,9.93,9.970000267028809,1,0.4649185,0,0.0,0,0.46429422,0,0.4802879,0
2022-04-13,2022-04-14,9.97,10.0,1,0.4871689,0,0.0,0,0.46673846,0,0.48150024,0
2022-04-14,2022-04-18,10.0,10.130000114440918,1,0.48633447,0,0.0,0,0.46711677,0,0.47974464,0
2022-04-18,2022-04-19,10.13,10.119999885559082,0,0.49372506,0,0.0,0,0.46884194,0,0.47559014,0
2022-04-19,2022-04-20,10.12,10.039999961853027,0,0.49369305,0,0.0,0,0.46876726,0,0.47257808,0
2022-04-20,2022-04-21,10.04,9.510000228881836,0,0.48365968,0,0.0,0,0.46901023,0,0.47108996,0
2022-04-21,2022-04-22,9.51,9.260000228881836,0,0.45567992,0,0.0,0,0.45840952,0,0.4667313,0
2022-04-22,2022-04-25,9.26,9.300000190734863,1,0.48248234,0,0.0,0,0.46017155,0,0.4626284,0
2022-04-25,2022-04-26,9.3,8.869999885559082,0,0.45694458,0,0.0,0,0.455769,0,0.4473788,0
2022-04-26,2022-04-27,8.87,9.140000343322754,1,0.46126178,0,0.0,0,0.45427045,0,0.4451382,0
2022-04-27,2022-04-28,9.14,9.279999732971191,1,0.483544,0,0.0,0,0.45678052,0,0.45268396,0
2022-04-28,2022-04-29,9.28,9.09000015258789,0,0.44953534,0,0.0,0,0.46605676,0,0.47719923,0
2022-04-29,2022-05-02,9.09,8.789999961853027,0,0.47420973,0,0.0,0,0.46234286,0,0.46708542,0
2022-05-02,2022-05-03,8.79,9.15999984741211,1,0.45225444,0,0.0,0,0.45755324,0,0.44853973,0
2022-05-03,2022-05-04,9.16,9.289999961853027,1,0.49656022,0,0.0,0,0.4637065,0,0.46005067,0
2022-05-04,2022-05-05,9.29,8.920000076293945,0,0.4708028,0,0.0,0,0.46609655,0,0.46316448,0
2022-05-05,2022-05-06,8.92,8.920000076293945,0,0.44217154,0,0.0,0,0.46133822,0,0.4482792,0
2022-05-06,2022-05-09,8.92,8.680000305175781,0,0.48412704,0,0.0,0,0.46213984,0,0.4439699,0
2022-05-09,2022-05-10,8.68,8.859999656677246,1,0.47503006,0,0.0,0,0.4612568,0,0.4403957,0
2022-05-10,2022-05-11,8.86,9.06999969482422,1,0.45581314,0,0.0,0,0.4630592,0,0.44646755,0
2022-05-11,2022-05-12,9.07,9.079999923706056,1,0.47596267,0,0.0,0,0.4617816,0,0.44213226,0
2022-05-12,2022-05-13,9.08,9.06999969482422,0,0.47342506,0,0.0,0,0.46587363,0,0.4453986,0
2022-05-13,2022-05-16,9.07,9.279999732971191,1,0.51004976,1,0.0,0,0.46134534,0,0.43013772,0
2022-05-16,2022-05-17,9.28,9.489999771118164,1,0.5044944,1,0.0,0,0.4604297,0,0.41721928,0
2022-05-17,2022-05-18,9.49,9.25,0,0.4998987,0,0.0,0,0.46449402,0,0.4208091,0
2022-05-18,2022-05-19,9.25,9.260000228881836,1,0.47145605,0,0.0,0,0.467052,0,0.4302547,0
2022-05-19,2022-05-20,9.26,9.06999969482422,0,0.49369448,0,0.0,0,0.46804726,0,0.4335492,0
2022-05-20,2022-05-23,9.07,9.350000381469728,1,0.4687481,0,0.0,0,0.4634196,0,0.425238,0
2022-05-23,2022-05-24,9.35,9.350000381469728,0,0.46895018,0,0.0,0,0.4679056,0,0.437962,0
2022-05-24,2022-05-25,9.35,9.369999885559082,1,0.49148253,0,0.0,0,0.4691461,0,0.45560834,0
2022-05-25,2022-05-26,9.37,9.390000343322754,1,0.49346274,0,0.0,0,0.4695732,0,0.46871245,0
2022-05-26,2022-05-27,9.39,9.380000114440918,0,0.4737877,0,0.0,0,0.46814469,0,0.4671279,0
2022-05-27,2022-05-31,9.38,9.210000038146973,0,0.49819154,0,0.0,0,0.46947014,0,0.46895778,0
2022-05-31,2022-06-01,9.21,9.0,0,0.472724,0,0.0,0,0.46757564,0,0.4659232,0
2022-06-01,2022-06-02,9.0,9.1899995803833,1,0.45471266,0,0.0,0,0.46771228,0,0.46260452,0
2022-06-02,2022-06-03,9.19,9.109999656677246,0,0.48998386,0,0.0,0,0.4684005,0,0.46333262,0
2022-06-03,2022-06-06,9.11,8.920000076293945,0,0.49640146,0,0.0,0,0.46780467,0,0.46241453,0
2022-06-06,2022-06-07,8.92,8.859999656677246,0,0.45332056,0,0.0,0,0.46796983,0,0.46093598,0
2022-06-07,2022-06-08,8.86,8.609999656677246,0,0.4839498,0,0.0,0,0.46797046,0,0.46037588,0
2022-06-08,2022-06-09,8.61,7.909999847412109,0,0.4761399,0,0.0,0,0.46131855,0,0.44200417,0
2022-06-09,2022-06-10,7.91,7.840000152587891,0,0.4607846,0,0.0,0,0.45199326,0,0.4356871,0
2022-06-10,2022-06-13,7.84,7.21999979019165,0,0.49764508,0,0.0,0,0.44952655,0,0.4199321,0
2022-06-13,2022-06-14,7.22,7.300000190734863,1,0.4843239,0,0.0,0,0.4516517,0,0.4160934,0
2022-06-14,2022-06-15,7.3,7.510000228881836,1,0.49087903,0,0.0,0,0.45314345,0,0.42318216,0
2022-06-15,2022-06-16,7.51,7.360000133514404,0,0.485036,0,0.0,0,0.4564989,0,0.43762988,0
2022-06-16,2022-06-17,7.36,7.449999809265137,1,0.49352935,0,0.0,0,0.45990548,0,0.42689392,0
2022-06-17,2022-06-21,7.45,7.380000114440918,0,0.4889191,0,0.0,0,0.45496577,0,0.42636117,0
2022-06-21,2022-06-22,7.38,7.449999809265137,1,0.4565366,0,0.0,0,0.4620577,0,0.4258613,0
2022-06-22,2022-06-23,7.45,7.300000190734863,0,0.49353555,0,0.0,0,0.45704636,0,0.42163008,0
2022-06-23,2022-06-24,7.3,7.150000095367432,0,0.46481705,0,0.0,0,0.4580974,0,0.41075227,0
2022-06-24,2022-06-27,7.15,7.139999866485596,0,0.4750014,0,0.0,0,0.45780712,0,0.40294677,0
2022-06-27,2022-06-28,7.14,7.099999904632568,0,0.4808636,0,0.0,0,0.452879,0,0.39652964,0
2022-06-28,2022-06-29,7.1,7.170000076293945,1,0.4750282,0,0.0,0,0.46039516,0,0.40083352,0
2022-06-29,2022-06-30,7.17,6.909999847412109,0,0.46111855,0,0.0,0,0.46028602,0,0.40077782,0
2022-06-30,2022-07-01,6.91,7.159999847412109,1,0.4852291,0,0.0,0,0.46101993,0,0.39368895,0
2022-07-01,2022-07-05,7.16,6.840000152587891,0,0.44970682,0,0.0,0,0.4645329,0,0.40431696,0
2022-07-05,2022-07-06,6.84,6.690000057220459,0,0.48709047,0,0.0,0,0.45583537,0,0.38642874,0
2022-07-06,2022-07-07,6.69,6.690000057220459,0,0.46979186,0,0.0,0,0.46751085,0,0.39223588,0
2022-07-07,2022-07-08,6.69,6.679999828338623,0,0.44933537,0,0.0,0,0.45596203,0,0.39033502,0
2022-07-08,2022-07-11,6.68,6.559999942779541,0,0.50263464,1,0.0,0,0.45933676,0,0.3923054,0
2022-07-11,2022-07-12,6.56,6.489999771118164,0,0.47256723,0,0.0,0,0.4626118,0,0.3914961,0
2022-07-12,2022-07-13,6.49,6.320000171661377,0,0.45101187,0,0.0,0,0.45445123,0,0.38637018,0
2022-07-13,2022-07-14,6.32,6.139999866485596,0,0.48765874,0,0.0,0,0.45851263,0,0.3863785,0
2022-07-14,2022-07-15,6.14,6.289999961853027,1,0.49004582,0,0.0,0,0.4502803,0,0.381138,0
2022-07-15,2022-07-18,6.29,6.409999847412109,1,0.47020966,0,0.0,0,0.4601764,0,0.3956589,0
2022-07-18,2022-07-19,6.41,6.329999923706055,0,0.4841991,0,0.0,0,0.46035838,0,0.39669013,0
2022-07-19,2022-07-20,6.33,5.989999771118164,0,0.477,0,0.0,0,0.45833373,0,0.38807085,0
2022-07-20,2022-07-21,5.99,5.929999828338623,0,0.49223456,0,0.0,0,0.45529214,0,0.3778964,0
2022-07-21,2022-07-22,5.93,6.159999847412109,1,0.46419278,0,0.0,0,0.45676878,0,0.38289276,0
2022-07-22,2022-07-25,6.16,6.460000038146973,1,0.47282362,0,0.0,0,0.45486197,0,0.38801774,0
2022-07-25,2022-07-26,6.46,6.489999771118164,1,0.49408567,0,0.0,0,0.46179268,0,0.39548331,0
2022-07-26,2022-07-27,6.49,6.820000171661377,1,0.49323335,0,0.0,0,0.46318847,0,0.4004673,0
2022-07-27,2022-07-28,6.82,7.389999866485596,1,0.45713648,0,0.0,0,0.4629069,0,0.4187866,0
2022-07-28,2022-07-29,7.39,7.800000190734863,1,0.50214374,1,0.0,0,0.46489793,0,0.4332081,0
2022-07-29,2022-08-01,7.8,7.78000020980835,0,0.5216719,1,0.0,0,0.46601823,0,0.4489566,0
2022-08-01,2022-08-02,7.78,7.829999923706055,1,0.5132947,1,0.0,0,0.46445593,0,0.45748368,0
2022-08-02,2022-08-03,7.83,7.820000171661377,0,0.51696295,1,0.0,0,0.46630222,0,0.4677751,0
2022-08-03,2022-08-04,7.82,7.639999866485596,0,0.5000784,1,0.0,0,0.46449548,0,0.47365513,0
2022-08-04,2022-08-05,7.64,7.809999942779541,1,0.49804336,0,0.0,0,0.46122655,0,0.4681622,0
2022-08-05,2022-08-08,7.81,8.069999694824219,1,0.5027347,1,0.0,0,0.4642447,0,0.4840322,0
2022-08-08,2022-08-09,8.07,7.789999961853027,0,0.49746123,0,0.0,0,0.46310908,0,0.50926954,1
2022-08-09,2022-08-10,7.79,7.650000095367432,0,0.49817693,0,0.0,0,0.46300757,0,0.5194672,1
2022-08-10,2022-08-11,7.65,7.849999904632568,1,0.48037192,0,0.0,0,0.4651008,0,0.51650745,1
2022-08-11,2022-08-12,7.85,8.069999694824219,1,0.51259935,1,0.0,0,0.4649908,0,0.51741725,1
2022-08-12,2022-08-15,8.07,8.3100004196167,1,0.50007004,1,0.0,0,0.4642667,0,0.51762766,1
2022-08-15,2022-08-16,8.31,8.220000267028809,0,0.50780284,1,0.0,0,0.4662265,0,0.5193058,1
2022-08-16,2022-08-17,8.22,8.109999656677246,0,0.4848301,0,0.0,0,0.46805316,0,0.51535153,1
2022-08-17,2022-08-18,8.11,8.15999984741211,1,0.5110329,1,0.0,0,0.4652277,0,0.5131293,1
2022-08-18,2022-08-19,8.16,7.820000171661377,0,0.49984288,0,0.0,0,0.46371442,0,0.5103696,1
2022-08-19,2022-08-22,7.82,8.079999923706055,1,0.48868394,0,0.0,0,0.46410784,0,0.5019223,1
2022-08-22,2022-08-23,8.08,8.460000038146973,1,0.5156193,1,0.0,0,0.46568245,0,0.50416553,1
2022-08-23,2022-08-24,8.46,8.550000190734863,1,0.51267344,1,0.0,0,0.46571037,0,0.5051943,1
2022-08-24,2022-08-25,8.55,8.720000267028809,1,0.48533928,0,0.0,0,0.4615225,0,0.50113213,1
2022-08-25,2022-08-26,8.72,8.739999771118164,1,0.47633272,0,0.0,0,0.46456462,0,0.50135577,1
2022-08-26,2022-08-29,8.74,8.680000305175781,0,0.51210994,1,0.0,0,0.46115243,0,0.49727342,0
2022-08-29,2022-08-30,8.68,8.489999771118164,0,0.5456094,1,0.0,0,0.46146008,0,0.49312973,0
2022-08-30,2022-08-31,8.49,8.109999656677246,0,0.50242287,1,0.0,0,0.46448013,0,0.48593065,0
2022-08-31,2022-09-01,8.11,8.289999961853027,1,0.5038313,1,0.0,0,0.4660123,0,0.48582205,0
2022-09-01,2022-09-02,8.29,8.539999961853027,1,0.48896384,0,0.0,0,0.46960104,0,0.49254084,0
2022-09-02,2022-09-06,8.54,8.680000305175781,1,0.48892698,0,0.0,0,0.4666172,0,0.48963878,0
2022-09-06,2022-09-07,8.68,9.029999732971191,1,0.5131929,1,0.0,0,0.4651011,0,0.48420924,0
2022-09-07,2022-09-08,9.03,8.920000076293945,0,0.5124515,1,0.0,0,0.46202993,0,0.47929385,0
2022-09-08,2022-09-09,8.92,9.520000457763672,1,0.4780396,0,0.0,0,0.4626416,0,0.47062728,0
2022-09-09,2022-09-12,9.52,9.369999885559082,0,0.500413,1,0.0,0,0.4626962,0,0.47437295,0
2022-09-12,2022-09-13,9.37,9.010000228881836,0,0.48271725,0,0.0,0,0.46023017,0,0.46112773,0
2022-09-13,2022-09-14,9.01,9.229999542236328,1,0.52027476,1,0.0,0,0.4641361,0,0.46094772,0
2022-09-14,2022-09-15,9.23,8.869999885559082,0,0.50500894,1,0.0,0,0.4681102,0,0.46988702,0
2022-09-15,2022-09-16,8.87,8.84000015258789,0,0.47356114,0,0.0,0,0.46653557,0,0.47195533,0
2022-09-16,2022-09-19,8.84,9.279999732971191,1,0.50477034,1,0.0,0,0.47103444,0,0.47977737,0
2022-09-19,2022-09-20,9.28,9.119999885559082,0,0.513463,1,0.0,0,0.470371,0,0.48508555,0
2022-09-20,2022-09-21,9.12,8.84000015258789,0,0.47712427,0,0.0,0,0.46729517,0,0.48267382,0
2022-09-21,2022-09-22,8.84,8.75,0,0.45709977,0,0.0,0,0.46708387,0,0.48217425,0
2022-09-22,2022-09-23,8.75,8.359999656677246,0,0.47470915,0,0.0,0,0.46995962,0,0.48707825,0
2022-09-23,2022-09-26,8.36,7.869999885559082,0,0.47020122,0,0.0,0,0.46506542,0,0.48776475,0
2022-09-26,2022-09-27,7.87,7.510000228881836,0,0.4596298,0,0.0,0,0.45720142,0,0.4759809,0
2022-09-27,2022-09-28,7.51,7.610000133514404,1,0.48950505,0,0.0,0,0.44700322,0,0.43853956,0
2022-09-28,2022-09-29,7.61,7.519999980926514,0,0.47379634,0,0.0,0,0.45895502,0,0.45038754,0
2022-09-29,2022-09-30,7.52,7.460000038146973,0,0.4667094,0,0.0,0,0.462532,0,0.4525316,0
2022-09-30,2022-10-03,7.46,8.029999732971191,1,0.5038107,1,0.0,0,0.46170595,0,0.44932976,0
2022-10-03,2022-10-04,8.03,8.069999694824219,1,0.47377318,0,0.0,0,0.4647826,0,0.47621801,0
2022-10-04,2022-10-05,8.07,7.940000057220459,0,0.49309477,0,0.0,0,0.46500817,0,0.46146536,0
2022-10-05,2022-10-06,7.94,7.769999980926514,0,0.473209,0,0.0,0,0.46585023,0,0.4507829,0
2022-10-06,2022-10-07,7.77,7.699999809265137,0,0.49039817,0,0.0,0,0.4691843,0,0.4433115,0
2022-10-07,2022-10-10,7.7,7.619999885559082,0,0.47813156,0,0.0,0,0.46936566,0,0.44137245,0
2022-10-10,2022-10-11,7.62,7.480000019073486,0,0.48677775,0,0.0,0,0.47233796,0,0.44798425,0
2022-10-11,2022-10-12,7.48,7.260000228881836,0,0.48175183,0,0.0,0,0.46842408,0,0.44114482,0
2022-10-12,2022-10-13,7.26,7.349999904632568,1,0.4773467,0,0.0,0,0.46601638,0,0.43143004,0
2022-10-13,2022-10-14,7.35,7.159999847412109,0,0.49812487,0,0.0,0,0.4627312,0,0.4325963,0
2022-10-14,2022-10-17,7.16,7.449999809265137,1,0.45584145,0,0.0,0,0.4654611,0,0.42632574,0
2022-10-17,2022-10-18,7.45,7.449999809265137,0,0.48115525,0,0.0,0,0.46678874,0,0.44093052,0
2022-10-18,2022-10-19,7.45,7.46999979019165,1,0.46365747,0,0.0,0,0.46918288,0,0.4412715,0
2022-10-19,2022-10-20,7.47,7.639999866485596,1,0.47869515,0,0.0,0,0.46559167,0,0.43107727,0
2022-10-20,2022-10-21,7.64,7.840000152587891,1,0.48524687,0,0.0,0,0.46686837,0,0.44793344,0
2022-10-21,2022-10-24,7.84,7.75,0,0.48591718,0,0.0,0,0.46426615,0,0.4386676,0
2022-10-24,2022-10-25,7.75,7.880000114440918,1,0.44998714,0,0.0,0,0.4657775,0,0.426194,0
2022-10-25,2022-10-26,7.88,7.769999980926514,0,0.4820811,0,0.0,0,0.46556583,0,0.42419526,0
2022-10-26,2022-10-27,7.77,7.849999904632568,1,0.4891141,0,0.0,0,0.4655926,0,0.404503,0
2022-10-27,2022-10-28,7.85,7.610000133514404,0,0.4706168,0,0.0,0,0.46732098,0,0.42233014,0
2022-10-28,2022-10-31,7.61,7.760000228881836,1,0.47554138,0,0.0,0,0.46752778,0,0.41829416,0
2022-10-31,2022-11-01,7.76,8.1899995803833,1,0.50287545,1,0.0,0,0.46612296,0,0.4189798,0
2022-11-01,2022-11-02,8.19,7.840000152587891,0,0.48656622,0,0.0,0,0.4664731,0,0.4372828,0
2022-11-02,2022-11-03,7.84,7.860000133514404,1,0.46966702,0,0.0,0,0.4657629,0,0.43758494,0
2022-11-03,2022-11-04,7.86,7.989999771118164,1,0.5288538,1,0.0,0,0.46727076,0,0.44495174,0
2022-11-04,2022-11-07,7.99,7.769999980926514,0,0.47014093,0,0.0,0,0.46784768,0,0.46721795,0
2022-11-07,2022-11-08,7.77,7.71999979019165,0,0.47866696,0,0.0,0,0.46733993,0,0.4644302,0
2022-11-08,2022-11-09,7.72,7.420000076293945,0,0.4737546,0,0.0,0,0.46677527,0,0.45067734,0
2022-11-09,2022-11-10,7.42,7.409999847412109,0,0.4818075,0,0.0,0,0.4643268,0,0.44668284,0
2022-11-10,2022-11-11,7.41,7.670000076293945,1,0.48159584,0,0.0,0,0.46691838,0,0.45270997,0
2022-11-11,2022-11-14,7.67,7.679999828338623,1,0.49321833,0,0.0,0,0.46770015,0,0.47798815,0
2022-11-14,2022-11-15,7.68,7.539999961853027,0,0.48583984,0,0.0,0,0.46630666,0,0.47449562,0
2022-11-15,2022-11-16,7.54,7.400000095367432,0,0.4653574,0,0.0,0,0.46614897,0,0.46347353,0
2022-11-16,2022-11-17,7.4,7.210000038146973,0,0.48428732,0,0.0,0,0.46597672,0,0.4577879,0
2022-11-17,2022-11-18,7.21,7.289999961853027,1,0.4826529,0,0.0,0,0.46541995,0,0.45004356,0
2022-11-18,2022-11-21,7.29,7.28000020980835,0,0.49664852,0,0.0,0,0.46724343,0,0.4660666,0
2022-11-21,2022-11-22,7.28,7.329999923706055,1,0.45221883,0,0.0,0,0.46700475,0,0.47242627,0
2022-11-22,2022-11-23,7.33,7.539999961853027,1,0.4690322,0,0.0,0,0.46715406,0,0.47386324,0
2022-11-23,2022-11-25,7.54,7.75,1,0.47206578,0,0.0,0,0.4659449,0,0.46846724,0
2022-11-25,2022-11-28,7.75,7.849999904632568,1,0.4788225,0,0.0,0,0.46638408,0,0.46789846,0
2022-11-28,2022-11-29,7.85,7.920000076293945,1,0.47691745,0,0.0,0,0.46577832,0,0.46881405,0
2022-11-29,2022-11-30,7.92,8.100000381469727,1,0.47750503,0,0.0,0,0.4662063,0,0.46343756,0
2022-11-30,2022-12-01,8.1,8.130000114440918,1,0.4600103,0,0.0,0,0.46620452,0,0.46769592,0
2022-12-01,2022-12-02,8.13,8.220000267028809,1,0.46838903,0,0.0,0,0.46600592,0,0.46280688,0
2022-12-02,2022-12-05,8.22,7.639999866485596,0,0.511453,1,0.0,0,0.46402907,0,0.4485171,0
2022-12-05,2022-12-06,7.64,7.630000114440918,0,0.4703812,0,0.0,0,0.4653142,0,0.44452155,0
2022-12-06,2022-12-07,7.63,7.949999809265137,1,0.4629534,0,0.0,0,0.46822497,0,0.43962368,0
2022-12-07,2022-12-08,7.95,7.510000228881836,0,0.49828345,0,0.0,0,0.4673841,0,0.44896522,0
2022-12-08,2022-12-09,7.51,7.440000057220459,0,0.47238886,0,0.0,0,0.4671855,0,0.45044446,0
2022-12-09,2022-12-12,7.44,7.760000228881836,1,0.47099867,0,0.0,0,0.46803454,0,0.45752108,0
2022-12-12,2022-12-13,7.76,7.619999885559082,0,0.4897287,0,0.0,0,0.46767667,0,0.47033855,0
2022-12-13,2022-12-14,7.62,7.670000076293945,1,0.46138567,0,0.0,0,0.46770614,0,0.46379748,0
2022-12-14,2022-12-15,7.67,7.690000057220459,1,0.48982325,0,0.0,0,0.46650973,0,0.46199003,0
2022-12-15,2022-12-16,7.69,7.679999828338623,0,0.48075405,0,0.0,0,0.4672357,0,0.4704181,0
2022-12-16,2022-12-19,7.68,7.960000038146973,1,0.49205646,0,0.0,0,0.4664694,0,0.46738347,0
2022-12-19,2022-12-20,7.96,8.569999694824219,1,0.50919867,1,0.0,0,0.46606195,0,0.4754091,0
2022-12-20,2022-12-21,8.57,8.90999984741211,1,0.51485866,1,0.0,0,0.465431,0,0.47430277,0
2022-12-21,2022-12-22,8.91,8.949999809265137,1,0.5283402,1,0.0,0,0.46515778,0,0.4783746,0
2022-12-22,2022-12-23,8.95,9.279999732971191,1,0.46795666,0,0.0,0,0.4693441,0,0.49648213,0
2022-12-23,2022-12-27,9.28,9.359999656677246,1,0.4884079,0,0.0,0,0.4703398,0,0.5046197,1
2022-12-27,2022-12-28,9.36,9.630000114440918,1,0.48440814,0,0.0,0,0.47466734,0,0.5060551,1
2022-12-28,2022-12-29,9.63,9.609999656677246,0,0.5177875,1,0.0,0,0.46611592,0,0.5083694,1
2022-12-29,2022-12-30,9.61,9.729999542236328,1,0.49383423,0,0.0,0,0.46760356,0,0.4988554,0
2022-12-30,2023-01-03,9.73,9.550000190734863,0,0.516716,1,0.0,0,0.47349885,0,0.4946686,0
2023-01-03,2023-01-04,9.55,9.890000343322754,1,0.5156881,1,0.0,0,0.46408433,0,0.48202267,0
2023-01-04,2023-01-05,9.89,10.5600004196167,1,0.5085214,1,0.0,0,0.46946847,0,0.4832886,0
2023-01-05,2023-01-06,10.56,11.100000381469728,1,0.5452443,1,0.0,0,0.47627762,0,0.48937467,0
2023-01-06,2023-01-09,11.1,11.399999618530272,1,0.5529406,1,0.0,0,0.47649094,0,0.48354766,0
2023-01-09,2023-01-10,11.4,11.579999923706056,1,0.49277925,0,0.0,0,0.4849689,0,0.47358575,0
2023-01-10,2023-01-11,11.58,12.390000343322754,1,0.45550296,0,0.0,0,0.48721877,0,0.46313035,0
2023-01-11,2023-01-12,12.39,12.850000381469728,1,0.54867,1,0.0,0,0.49457026,0,0.46919027,0
2023-01-12,2023-01-13,12.85,13.039999961853027,1,0.4987688,0,0.0,0,0.49504238,0,0.45499435,0
2023-01-13,2023-01-17,13.04,13.760000228881836,1,0.53788626,1,0.0,0,0.4956365,0,0.4499793,0
2023-01-17,2023-01-18,13.76,12.399999618530272,0,0.5534485,1,0.0,0,0.5023564,1,0.450536,0
2023-01-18,2023-01-19,12.4,12.890000343322754,1,0.40769142,0,0.0,0,0.47770366,0,0.44396693,0
2023-01-19,2023-01-20,12.89,13.75,1,0.5239381,1,0.0,0,0.49244004,0,0.45473275,0
2023-01-20,2023-01-23,13.75,13.579999923706056,0,0.5328684,1,0.0,0,0.5055345,1,0.45670274,0
2023-01-23,2023-01-24,13.58,13.529999732971191,0,0.48447528,0,0.0,0,0.49679175,0,0.4526433,0
2023-01-24,2023-01-25,13.53,14.050000190734863,1,0.48731408,0,0.0,0,0.49902534,0,0.45515233,0
2023-01-25,2023-01-26,14.05,13.899999618530272,0,0.5634618,1,0.0,0,0.50360256,1,0.4576688,0
2023-01-26,2023-01-27,13.9,13.239999771118164,0,0.46309522,0,0.0,0,0.49820355,0,0.45439228,0
2023-01-27,2023-01-30,13.24,12.630000114440918,0,0.48871744,0,0.0,0,0.48566258,0,0.45677775,0
2023-01-30,2023-01-31,12.63,13.399999618530272,1,0.5235466,1,0.0,0,0.46227065,0,0.46790296,0
2023-01-31,2023-02-01,13.4,13.170000076293944,0,0.5483499,1,0.0,0,0.48579088,0,0.47055918,0
2023-02-01,2023-02-02,13.17,13.130000114440918,0,0.44356874,0,0.0,0,0.4709491,0,0.46757632,0
2023-02-02,2023-02-03,13.13,12.329999923706056,0,0.48569682,0,0.0,0,0.47277427,0,0.4697057,0
2023-02-03,2023-02-06,12.33,12.720000267028809,1,0.45527107,0,0.0,0,0.45598468,0,0.47590175,0
2023-02-06,2023-02-07,12.72,12.779999732971191,1,0.457185,0,0.0,0,0.4659501,0,0.47907862,0
2023-02-07,2023-02-08,12.78,12.970000267028809,1,0.4852038,0,0.0,0,0.4632163,0,0.4764801,0
2023-02-08,2023-02-09,12.97,12.699999809265137,0,0.43662113,0,0.0,0,0.46761495,0,0.47443426,0
2023-02-09,2023-02-10,12.7,12.760000228881836,1,0.4649351,0,0.0,0,0.45986372,0,0.47370487,0
2023-02-10,2023-02-13,12.76,13.550000190734863,1,0.4764615,0,0.0,0,0.4646198,0,0.47293863,0
2023-02-13,2023-02-14,13.55,13.920000076293944,1,0.5059492,1,0.0,0,0.46065652,0,0.46230164,0
2023-02-14,2023-02-15,13.92,13.829999923706056,0,0.4947917,0,0.0,0,0.45705637,0,0.45145673,0
2023-02-15,2023-02-16,13.83,13.949999809265137,1,0.43078923,0,0.0,0,0.4568454,0,0.45103374,0
2023-02-16,2023-02-17,13.95,13.300000190734863,0,0.46867302,0,0.0,0,0.45851564,0,0.45009175,0
2023-02-17,2023-02-21,13.3,13.15999984741211,0,0.46541807,0,0.0,0,0.4546253,0,0.4607554,0
2023-02-21,2023-02-22,13.16,13.239999771118164,1,0.48761192,0,0.0,0,0.45750058,0,0.46678832,0
2023-02-22,2023-02-23,13.24,13.539999961853027,1,0.43202475,0,0.0,0,0.4552596,0,0.47070274,0
2023-02-23,2023-02-24,13.54,13.449999809265137,0,0.49300498,0,0.0,0,0.46145573,0,0.46945673,0
2023-02-24,2023-02-27,13.45,13.710000038146973,1,0.45022613,0,0.0,0,0.46331176,0,0.4675994,0
2023-02-27,2023-02-28,13.71,13.31999969482422,0,0.48305258,0,0.0,0,0.4622228,0,0.4668281,0
2023-02-28,2023-03-01,13.32,13.420000076293944,1,0.45673808,0,0.0,0,0.45675445,0,0.4670512,0
2023-03-01,2023-03-02,13.42,12.479999542236328,0,0.44143844,0,0.0,0,0.46400833,0,0.46701136,0
2023-03-02,2023-03-03,12.48,12.84000015258789,1,0.43104056,0,0.0,0,0.45413396,0,0.4766909,0
2023-03-03,2023-03-06,12.84,13.039999961853027,1,0.5016944,1,0.0,0,0.45994917,0,0.48125625,0
2023-03-06,2023-03-07,13.04,12.670000076293944,0,0.4716054,0,0.0,0,0.4590402,0,0.478194,0
2023-03-07,2023-03-08,12.67,13.18000030517578,1,0.44558874,0,0.0,0,0.4557866,0,0.48024666,0
2023-03-08,2023-03-09,13.18,12.5600004196167,0,0.52347285,1,0.0,0,0.45896253,0,0.47778216,0
2023-03-09,2023-03-10,12.56,11.710000038146973,0,0.42756158,0,0.0,0,0.45539495,0,0.47912455,0
2023-03-10,2023-03-13,11.71,11.270000457763672,0,0.42558327,0,0.0,0,0.44757318,0,0.48912737,0
2023-03-13,2023-03-14,11.27,10.989999771118164,0,0.5058352,1,0.0,0,0.45131683,0,0.4876671,0
2023-03-14,2023-03-15,10.99,10.3100004196167,0,0.4865879,0,0.0,0,0.4518168,0,0.48573068,0
2023-03-15,2023-03-16,10.31,10.880000114440918,1,0.43652466,0,0.0,0,0.44395623,0,0.47624364,0
2023-03-16,2023-03-17,10.88,10.4399995803833,0,0.4956945,0,0.0,0,0.4528925,0,0.4821792,0
2023-03-17,2023-03-20,10.44,10.279999732971191,0,0.4376175,0,0.0,0,0.45269233,0,0.476408,0
2023-03-20,2023-03-21,10.28,11.050000190734863,1,0.46998024,0,0.0,0,0.454857,0,0.47672215,0
2023-03-21,2023-03-22,11.05,10.739999771118164,0,0.44177336,0,0.0,0,0.4539187,0,0.4851314,0
2023-03-22,2023-03-23,10.74,10.579999923706056,0,0.44085664,0,0.0,0,0.45753253,0,0.4801929,0
2023-03-23,2023-03-24,10.58,10.649999618530272,1,0.4391401,0,0.0,0,0.4548933,0,0.48005313,0
2023-03-24,2023-03-27,10.65,11.1899995803833,1,0.46663916,0,0.0,0,0.46024275,0,0.47854653,0
2023-03-27,2023-03-28,11.19,11.399999618530272,1,0.45495898,0,0.0,0,0.45693624,0,0.47039852,0
2023-03-28,2023-03-29,11.4,11.630000114440918,1,0.47724935,0,0.0,0,0.45713958,0,0.46176565,0
2023-03-29,2023-03-30,11.63,11.399999618530272,0,0.4682925,0,0.0,0,0.4555589,0,0.45541146,0
2023-03-30,2023-03-31,11.4,10.979999542236328,0,0.41852322,0,0.0,0,0.45538673,0,0.45353717,0
2023-03-31,2023-04-03,10.98,11.359999656677246,1,0.42494035,0,0.0,0,0.45493078,0,0.45873117,0
2023-04-03,2023-04-04,11.36,11.09000015258789,0,0.4633942,0,0.0,0,0.46029645,0,0.45477718,0
2023-04-04,2023-04-05,11.09,11.09000015258789,0,0.43361282,0,0.0,0,0.46130535,0,0.46506324,0
2023-04-05,2023-04-06,11.09,10.9399995803833,0,0.45306024,0,0.0,0,0.46359843,0,0.46819443,0
2023-04-06,2023-04-10,10.94,11.130000114440918,1,0.46099463,0,0.0,0,0.46612015,0,0.4726295,0
2023-04-10,2023-04-11,11.13,11.649999618530272,1,0.49443787,0,0.0,0,0.45691368,0,0.46933556,0
2023-04-11,2023-04-12,11.65,12.359999656677246,1,0.49187064,0,0.0,0,0.45827022,0,0.46028557,0
2023-04-12,2023-04-13,12.36,12.4399995803833,1,0.48430148,0,0.0,0,0.4582201,0,0.44632953,0
2023-04-13,2023-04-14,12.44,12.729999542236328,1,0.48566726,0,0.0,0,0.45982906,0,0.43989888,0
2023-04-14,2023-04-17,12.73,12.93000030517578,1,0.47513047,0,0.0,0,0.45932105,0,0.43342224,0
2023-04-17,2023-04-18,12.93,12.380000114440918,0,0.4678002,0,0.0,0,0.46317855,0,0.43247184,0
2023-04-18,2023-04-19,12.38,11.640000343322754,0,0.4475514,0,0.0,0,0.45921203,0,0.44435498,0
2023-04-19,2023-04-20,11.64,11.869999885559082,1,0.4469622,0,0.0,0,0.45500594,0,0.45934469,0
2023-04-20,2023-04-21,11.87,11.65999984741211,0,0.5062723,1,0.0,0,0.46360525,0,0.46804914,0
2023-04-21,2023-04-24,11.66,11.699999809265137,1,0.5170528,1,0.0,0,0.4655494,0,0.47372594,0
2023-04-24,2023-04-25,11.7,11.630000114440918,0,0.48558202,0,0.0,0,0.4674179,0,0.4776413,0
2023-04-25,2023-04-26,11.63,11.489999771118164,0,0.4646344,0,0.0,0,0.46619663,0,0.4783919,0
2023-04-26,2023-04-27,11.49,11.479999542236328,0,0.47216743,0,0.0,0,0.4643852,0,0.4786241,0
2023-04-27,2023-04-28,11.48,11.520000457763672,1,0.46031332,0,0.0,0,0.46738774,0,0.477534,0
2023-04-28,2023-05-01,11.52,11.199999809265137,0,0.4436557,0,0.0,0,0.46551195,0,0.4746878,0
2023-05-01,2023-05-02,11.2,11.390000343322754,1,0.41794443,0,0.0,0,0.4653572,0,0.47509325,0
2023-05-02,2023-05-03,11.39,11.300000190734863,0,0.454782,0,0.0,0,0.46177316,0,0.4743241,0
2023-05-03,2023-05-04,11.3,10.93000030517578,0,0.49637568,0,0.0,0,0.46618587,0,0.47206357,0
2023-05-04,2023-05-05,10.93,11.65999984741211,1,0.44206074,0,0.0,0,0.45870978,0,0.47466755,0
2023-05-05,2023-05-08,11.66,11.93000030517578,1,0.5096065,1,0.0,0,0.4613977,0,0.4706367,0
2023-05-08,2023-05-09,11.93,12.140000343322754,1,0.49310654,0,0.0,0,0.46309733,0,0.46117052,0
2023-05-09,2023-05-10,12.14,12.350000381469728,1,0.49118754,0,0.0,0,0.466242,0,0.4557171,0
2023-05-10,2023-05-11,12.35,12.75,1,0.44929034,0,0.0,0,0.46528694,0,0.45140272,0
2023-05-11,2023-05-12,12.75,12.390000343322754,0,0.5114406,1,0.0,0,0.46066236,0,0.44212192,0
2023-05-12,2023-05-15,12.39,12.25,0,0.44755417,0,0.0,0,0.4596561,0,0.44761008,0
2023-05-15,2023-05-16,12.25,11.350000381469728,0,0.465088,0,0.0,0,0.4612914,0,0.4525766,0
2023-05-16,2023-05-17,11.35,11.84000015258789,1,0.46527106,0,0.0,0,0.45460805,0,0.4685554,0
2023-05-17,2023-05-18,11.84,11.529999732971191,0,0.4609713,0,0.0,0,0.4636787,0,0.47330722,0
2023-05-18,2023-05-19,11.53,11.600000381469728,1,0.44303626,0,0.0,0,0.46413383,0,0.4784565,0
2023-05-19,2023-05-22,11.6,11.369999885559082,0,0.4551251,0,0.0,0,0.46849865,0,0.4819487,0
2023-05-22,2023-05-23,11.37,11.460000038146973,1,0.4707712,0,0.0,0,0.46214896,0,0.48445332,0
2023-05-23,2023-05-24,11.46,11.760000228881836,1,0.5244837,1,0.0,0,0.4618422,0,0.48348445,0
2023-05-24,2023-05-25,11.76,11.65999984741211,0,0.4755174,0,0.0,0,0.45993987,0,0.47491857,0
2023-05-25,2023-05-26,11.66,11.68000030517578,1,0.45704567,0,0.0,0,0.4661186,0,0.47272474,0
2023-05-26,2023-05-30,11.68,12.109999656677246,1,0.4717315,0,0.0,0,0.46582168,0,0.4699285,0
2023-05-30,2023-05-31,12.11,11.869999885559082,0,0.4758406,0,0.0,0,0.46446338,0,0.46181646,0
2023-05-31,2023-06-01,11.87,12.09000015258789,1,0.4957976,0,0.0,0,0.46037424,0,0.4604513,0
2023-06-01,2023-06-02,12.09,11.81999969482422,0,0.4933744,0,0.0,0,0.46456632,0,0.45859274,0
2023-06-02,2023-06-05,11.82,12.329999923706056,1,0.44765878,0,0.0,0,0.4627859,0,0.46309477,0
2023-06-05,2023-06-06,12.33,13.93000030517578,1,0.49395043,0,0.0,0,0.4646323,0,0.4580136,0
2023-06-06,2023-06-07,13.93,14.5,1,0.5654807,1,0.0,0,0.46628833,0,0.43924844,0
2023-06-07,2023-06-08,14.5,14.68000030517578,1,0.48869985,0,0.0,0,0.46505684,0,0.42785552,0
2023-06-08,2023-06-09,14.68,14.8100004196167,1,0.48421955,0,0.0,0,0.46721688,0,0.42694458,0
2023-06-09,2023-06-12,14.81,14.600000381469728,0,0.47936547,0,0.0,0,0.4722665,0,0.43035558,0
2023-06-12,2023-06-13,14.6,15.18000030517578,1,0.4753458,0,0.0,0,0.47144905,0,0.439717,0
2023-06-13,2023-06-14,15.18,15.529999732971191,1,0.46716264,0,0.0,0,0.48957556,0,0.44174024,0
2023-06-14,2023-06-15,15.53,15.960000038146973,1,0.48302498,0,0.0,0,0.48538557,0,0.44478676,0
2023-06-15,2023-06-16,15.96,16.8700008392334,1,0.51906735,1,0.0,0,0.4724669,0,0.44004807,0
2023-06-16,2023-06-20,16.87,17.149999618530273,1,0.48055333,0,0.0,0,0.4789094,0,0.4332912,0
2023-06-20,2023-06-21,17.15,17.799999237060547,1,0.4483779,0,0.0,0,0.47697854,0,0.43521568,0
2023-06-21,2023-06-22,17.8,16.5,0,0.5179606,1,0.0,0,0.48379463,0,0.43288538,0
2023-06-22,2023-06-23,16.5,16.780000686645508,1,0.40434572,0,0.0,0,0.46128154,0,0.43922335,0
2023-06-23,2023-06-26,16.78,17.56999969482422,1,0.533324,1,0.0,0,0.48205432,0,0.4459954,0
2023-06-26,2023-06-27,17.57,16.770000457763672,0,0.4701124,0,0.0,0,0.48565426,0,0.44858888,0
2023-06-27,2023-06-28,16.77,16.8700008392334,1,0.3837621,0,0.0,0,0.46817428,0,0.45016873,0
2023-06-28,2023-06-29,16.87,17.239999771118164,1,0.514788,1,0.0,0,0.4757067,0,0.4552904,0
2023-06-29,2023-06-30,17.24,17.200000762939453,0,0.47827038,0,0.0,0,0.48442128,0,0.45673126,0
2023-06-30,2023-07-03,17.2,17.309999465942383,1,0.41859046,0,0.0,0,0.4700538,0,0.45614466,0
2023-07-03,2023-07-05,17.31,17.440000534057617,1,0.5327704,1,0.0,0,0.474871,0,0.45604396,0
2023-07-05,2023-07-06,17.44,16.110000610351562,0,0.48257706,0,0.0,0,0.46860507,0,0.4566292,0
2023-07-06,2023-07-07,16.11,16.59000015258789,1,0.39994398,0,0.0,0,0.44966727,0,0.46164855,0
2023-07-07,2023-07-10,16.59,16.1299991607666,0,0.44983125,0,0.0,0,0.46666408,0,0.46683937,0
2023-07-10,2023-07-11,16.13,16.329999923706055,1,0.47667193,0,0.0,0,0.4578982,0,0.46910417,0
2023-07-11,2023-07-12,16.33,16.700000762939453,1,0.43796358,0,0.0,0,0.4595348,0,0.47301257,0
2023-07-12,2023-07-13,16.7,17.3700008392334,1,0.4864941,0,0.0,0,0.45936894,0,0.471734,0
2023-07-13,2023-07-14,17.37,16.280000686645508,0,0.48750502,0,0.0,0,0.45871422,0,0.4688516,0
2023-07-14,2023-07-17,16.28,17.170000076293945,1,0.37839907,0,0.0,0,0.4465839,0,0.46959066,0
2023-07-17,2023-07-18,17.17,17.43000030517578,1,0.52900696,1,0.0,0,0.4582893,0,0.47164243,0
2023-07-18,2023-07-19,17.43,17.100000381469727,0,0.5084155,1,0.0,0,0.4543068,0,0.46710977,0
2023-07-19,2023-07-20,17.1,17.399999618530273,1,0.4374471,0,0.0,0,0.45049816,0,0.46724495,0
2023-07-20,2023-07-21,17.4,17.850000381469727,1,0.47031483,0,0.0,0,0.4552556,0,0.4685363,0
2023-07-21,2023-07-24,17.85,17.3799991607666,0,0.4758784,0,0.0,0,0.4543044,0,0.46730262,0
2023-07-24,2023-07-25,17.38,17.68000030517578,1,0.45160866,0,0.0,0,0.44770944,0,0.46685702,0
2023-07-25,2023-07-26,17.68,17.760000228881836,1,0.45858735,0,0.0,0,0.45491,0,0.46800476,0
2023-07-26,2023-07-27,17.76,16.520000457763672,0,0.4520601,0,0.0,0,0.45340005,0,0.46578014,0
2023-07-27,2023-07-28,16.52,16.719999313354492,1,0.38153005,0,0.0,0,0.44465563,0,0.47269082,0
2023-07-28,2023-07-31,16.72,16.950000762939453,1,0.4642079,0,0.0,0,0.4513129,0,0.47765929,0
2023-07-31,2023-08-01,16.95,16.389999389648438,0,0.404381,0,0.0,0,0.4528104,0,0.4774352,0
2023-08-01,2023-08-02,16.39,15.8100004196167,0,0.45385474,0,0.0,0,0.44980463,0,0.47882935,0
2023-08-02,2023-08-03,15.81,15.68000030517578,0,0.4109692,0,0.0,0,0.44704023,0,0.48530245,0
2023-08-03,2023-08-04,15.68,16.350000381469727,1,0.4489138,0,0.0,0,0.450006,0,0.48770756,0
2023-08-04,2023-08-07,16.35,16.100000381469727,0,0.5130175,1,0.0,0,0.45009196,0,0.48478135,0
2023-08-07,2023-08-08,16.1,16.729999542236328,1,0.4182956,0,0.0,0,0.4486066,0,0.48143858,0
2023-08-08,2023-08-09,16.73,16.610000610351562,0,0.52529883,1,0.0,0,0.45097256,0,0.47931775,0
2023-08-09,2023-08-10,16.61,17.209999084472656,1,0.45342836,0,0.0,0,0.44870988,0,0.47409263,0
2023-08-10,2023-08-11,17.21,16.770000457763672,0,0.4951693,0,0.0,0,0.44953677,0,0.47276795,0
2023-08-11,2023-08-14,16.77,15.800000190734863,0,0.44873407,0,0.0,0,0.44440603,0,0.47094953,0
2023-08-14,2023-08-15,15.8,15.649999618530272,0,0.2992507,0,0.0,0,0.4391469,0,0.4784118,0
2023-08-15,2023-08-16,15.65,15.949999809265137,1,0.5505387,1,0.0,0,0.44969675,0,0.48188007,0
2023-08-16,2023-08-17,15.95,15.31999969482422,0,0.5231635,1,0.0,0,0.4439647,0,0.48491967,0
2023-08-17,2023-08-18,15.32,15.170000076293944,0,0.4227235,0,0.0,0,0.44592598,0,0.48633665,0
2023-08-18,2023-08-21,15.17,15.029999732971191,0,0.43272215,0,0.0,0,0.44705662,0,0.49097618,0
2023-08-21,2023-08-22,15.03,15.539999961853027,1,0.4372087,0,0.0,0,0.45145378,0,0.4900205,0
2023-08-22,2023-08-23,15.54,16.530000686645508,1,0.4608871,0,0.0,0,0.44988126,0,0.48614347,0
2023-08-23,2023-08-24,16.53,15.859999656677246,0,0.509693,1,0.0,0,0.45011193,0,0.47821003,0
2023-08-24,2023-08-25,15.86,16.540000915527344,1,0.41104645,0,0.0,0,0.44506848,0,0.4749243,0
2023-08-25,2023-08-28,16.54,17.809999465942383,1,0.47173253,0,0.0,0,0.45085132,0,0.4728319,0
2023-08-28,2023-08-29,17.81,18.25,1,0.45699003,0,0.0,0,0.45162144,0,0.45376354,0
2023-08-29,2023-08-30,18.25,18.13999938964844,0,0.47937915,0,0.0,0,0.44966653,0,0.44843414,0
2023-08-30,2023-08-31,18.14,18.07999992370605,0,0.40172756,0,0.0,0,0.44799447,0,0.45475844,0
2023-08-31,2023-09-01,18.08,17.579999923706055,0,0.39766937,0,0.0,0,0.4504268,0,0.45786583,0
2023-09-01,2023-09-05,17.58,16.809999465942383,0,0.46810243,0,0.0,0,0.44999322,0,0.45975608,0
2023-09-05,2023-09-06,16.81,16.56999969482422,0,0.43795025,0,0.0,0,0.4486306,0,0.4679166,0
2023-09-06,2023-09-07,16.57,16.329999923706055,0,0.45501783,0,0.0,0,0.4534145,0,0.47468624,0
2023-09-07,2023-09-08,16.33,15.859999656677246,0,0.43830934,0,0.0,0,0.4548942,0,0.47882923,0
2023-09-08,2023-09-11,15.86,15.739999771118164,0,0.4662009,0,0.0,0,0.44840634,0,0.48295212,0
2023-09-11,2023-09-12,15.74,15.970000267028809,1,0.4509117,0,0.0,0,0.45274082,0,0.48420897,0
2023-09-12,2023-09-13,15.97,16.049999237060547,1,0.4786083,0,0.0,0,0.4534434,0,0.48286843,0
2023-09-13,2023-09-14,16.05,16.229999542236328,1,0.42804694,0,0.0,0,0.4537638,0,0.47915983,0
2023-09-14,2023-09-15,16.23,15.869999885559082,0,0.43543246,0,0.0,0,0.45312384,0,0.4766031,0
2023-09-15,2023-09-18,15.87,16.309999465942383,1,0.41917276,0,0.0,0,0.45197284,0,0.47521663,0
2023-09-18,2023-09-19,16.31,15.789999961853027,0,0.46015495,0,0.0,0,0.45481712,0,0.47441807,0
2023-09-19,2023-09-20,15.79,15.3100004196167,0,0.43205398,0,0.0,0,0.44984496,0,0.4739877,0
2023-09-20,2023-09-21,15.31,14.949999809265137,0,0.44432214,0,0.0,0,0.44970736,0,0.4784717,0
2023-09-21,2023-09-22,14.95,14.640000343322754,0,0.43816465,0,0.0,0,0.44945455,0,0.48371902,0
2023-09-22,2023-09-25,14.64,14.289999961853027,0,0.45165986,0,0.0,0,0.45175987,0,0.48701972,0
2023-09-25,2023-09-26,14.29,13.84000015258789,0,0.45830002,0,0.0,0,0.4494283,0,0.49174333,0
2023-09-26,2023-09-27,13.84,13.760000228881836,0,0.46161744,0,0.0,0,0.4476321,0,0.4973057,0
2023-09-27,2023-09-28,13.76,13.869999885559082,1,0.49953356,0,0.0,0,0.44545007,0,0.49774194,0
2023-09-28,2023-09-29,13.87,13.050000190734863,0,0.46410763,0,0.0,0,0.44952512,0,0.49457696,0
2023-09-29,2023-10-02,13.05,12.649999618530272,0,0.4043285,0,0.0,0,0.44440076,0,0.49762565,0
2023-10-02,2023-10-03,12.65,12.119999885559082,0,0.43500423,0,0.0,0,0.44218245,0,0.49774194,0
2023-10-03,2023-10-04,12.12,12.270000457763672,1,0.44943818,0,0.0,0,0.43685007,0,0.4916534,0
2023-10-04,2023-10-05,12.27,12.68000030517578,1,0.4243452,0,0.0,0,0.44311282,0,0.49080172,0
2023-10-05,2023-10-06,12.68,12.770000457763672,1,0.47894377,0,0.0,0,0.44619638,0,0.4926993,0
2023-10-06,2023-10-09,12.77,12.380000114440918,0,0.46880054,0,0.0,0,0.4432534,0,0.491051,0
2023-10-09,2023-10-10,12.38,12.029999732971191,0,0.45192704,0,0.0,0,0.44833037,0,0.48741412,0
2023-10-10,2023-10-11,12.03,12.399999618530272,1,0.44181383,0,0.0,0,0.44142687,0,0.48300487,0
2023-10-11,2023-10-12,12.4,12.100000381469728,0,0.4707154,0,0.0,0,0.44501525,0,0.48652118,0
2023-10-12,2023-10-13,12.1,11.93000030517578,0,0.4162784,0,0.0,0,0.44563258,0,0.48550034,0
2023-10-13,2023-10-16,11.93,12.600000381469728,1,0.44967756,0,0.0,0,0.44943798,0,0.48741767,0
2023-10-16,2023-10-17,12.6,12.489999771118164,0,0.49092814,0,0.0,0,0.44929522,0,0.4806929,0
2023-10-17,2023-10-18,12.49,12.289999961853027,0,0.45335945,0,0.0,0,0.44837287,0,0.4748953,0
2023-10-18,2023-10-19,12.29,11.670000076293944,0,0.43787938,0,0.0,0,0.44667625,0,0.47555175,0
2023-10-19,2023-10-20,11.67,11.329999923706056,0,0.4285215,0,0.0,0,0.44221556,0,0.4786039,0
2023-10-20,2023-10-23,11.33,11.479999542236328,1,0.43584895,0,0.0,0,0.43768704,0,0.455372,0
2023-10-23,2023-10-24,11.48,11.06999969482422,0,0.56817275,1,0.0,0,0.43878788,0,0.4369804,0
2023-10-24,2023-10-25,11.07,11.84000015258789,1,0.42315304,0,0.0,0,0.4402637,0,0.44127712,0
2023-10-25,2023-10-26,11.84,11.93000030517578,1,0.5093694,1,0.0,0,0.44919688,0,0.46825883,0
2023-10-26,2023-10-27,11.93,11.75,0,0.42463446,0,0.0,0,0.45401534,0,0.4742602,0
2023-10-27,2023-10-30,11.75,11.130000114440918,0,0.42982855,0,0.0,0,0.45431143,0,0.47143602,0
2023-10-30,2023-10-31,11.13,11.210000038146973,1,0.4069864,0,0.0,0,0.44924653,0,0.47662774,0
2023-10-31,2023-11-01,11.21,11.949999809265137,1,0.48632768,0,0.0,0,0.44982836,0,0.46780694,0
2023-11-01,2023-11-02,11.95,12.3100004196167,1,0.5112671,1,0.0,0,0.45526174,0,0.47150022,0
2023-11-02,2023-11-03,12.31,12.4399995803833,1,0.45216605,0,0.0,0,0.4565506,0,0.46214217,0
2023-11-03,2023-11-06,12.44,12.039999961853027,0,0.447107,0,0.0,0,0.45713827,0,0.45558468,0
2023-11-06,2023-11-07,12.04,12.06999969482422,1,0.41896862,0,0.0,0,0.46018603,0,0.45962647,0
2023-11-07,2023-11-08,12.07,11.720000267028809,0,0.48363352,0,0.0,0,0.45971224,0,0.45995507,0
2023-11-08,2023-11-09,11.72,11.770000457763672,1,0.44268382,0,0.0,0,0.46087304,0,0.46771553,0
2023-11-09,2023-11-10,11.77,11.779999732971191,1,0.5115178,1,0.0,0,0.46547434,0,0.47401607,0
2023-11-10,2023-11-13,11.78,11.65999984741211,0,0.50095797,1,0.0,0,0.46245712,0,0.47538435,0
2023-11-13,2023-11-14,11.66,11.960000038146973,1,0.50556654,1,0.0,0,0.46393073,0,0.47490865,0
2023-11-14,2023-11-15,11.96,11.989999771118164,1,0.4477905,0,0.0,0,0.46115562,0,0.4716275,0
2023-11-15,2023-11-16,11.99,11.869999885559082,0,0.50092787,1,0.0,0,0.4607744,0,0.46703795,0
2023-11-16,2023-11-17,11.87,12.5,1,0.48098597,0,0.0,0,0.45659843,0,0.46509632,0
2023-11-17,2023-11-20,12.5,14.649999618530272,1,0.5261508,1,0.0,0,0.4587387,0,0.45537323,0
2023-11-20,2023-11-21,14.65,14.5600004196167,0,0.48790407,0,0.0,0,0.46096492,0,0.43249908,0
2023-11-21,2023-11-22,14.56,13.5,0,0.5139517,1,0.0,0,0.4628003,0,0.4273151,0
2023-11-22,2023-11-24,13.5,15.31999969482422,1,0.3953947,0,0.0,0,0.454695,0,0.442575,0
2023-11-24,2023-11-27,15.32,16.81999969482422,1,0.58929,1,0.0,0,0.49382573,0,0.43214846,0
2023-11-27,2023-11-28,16.82,16.8799991607666,1,0.5927685,1,0.0,0,0.48940802,0,0.42174014,0
2023-11-28,2023-11-29,16.88,17.31999969482422,1,0.40295842,0,0.0,0,0.4921016,0,0.42817703,0
2023-11-29,2023-11-30,17.32,17.18000030517578,0,0.50544304,1,0.0,0,0.50688696,1,0.4337796,0
2023-11-30,2023-12-01,17.18,16.93000030517578,0,0.4579834,0,0.0,0,0.49812475,0,0.43952385,0
2023-12-01,2023-12-04,16.93,16.8799991607666,0,0.43465164,0,0.0,0,0.48976216,0,0.44204393,0
2023-12-04,2023-12-05,16.88,17.31999969482422,1,0.4253304,0,0.0,0,0.48550248,0,0.44563526,0
2023-12-05,2023-12-06,17.32,16.93000030517578,0,0.56198657,1,0.0,0,0.4840984,0,0.44775033,0
2023-12-06,2023-12-07,16.93,17.0,1,0.4446807,0,0.0,0,0.47288713,0,0.44616595,0
2023-12-07,2023-12-08,17.0,17.5,1,0.45207286,0,0.0,0,0.47399613,0,0.44904962,0
2023-12-08,2023-12-11,17.5,17.469999313354492,0,0.50761974,1,0.0,0,0.4798955,0,0.4495038,0
2023-12-11,2023-12-12,17.47,17.280000686645508,0,0.48176977,0,0.0,0,0.47066492,0,0.4484804,0
2023-12-12,2023-12-13,17.28,17.860000610351562,1,0.45865443,0,0.0,0,0.4642642,0,0.44948393,0
2023-12-13,2023-12-14,17.86,17.329999923706055,0,0.5000901,1,0.0,0,0.4648691,0,0.45194364,0
2023-12-14,2023-12-15,17.33,16.450000762939453,0,0.4375976,0,0.0,0,0.45701846,0,0.45101225,0
2023-12-15,2023-12-18,16.45,17.010000228881836,1,0.44394383,0,0.0,0,0.45279852,0,0.45724255,0
2023-12-18,2023-12-19,17.01,16.729999542236328,0,0.4786003,0,0.0,0,0.46851718,0,0.4628216,0
2023-12-19,2023-12-20,16.73,17.510000228881836,1,0.4409119,0,0.0,0,0.4577164,0,0.4639541,0
2023-12-20,2023-12-21,17.51,17.770000457763672,1,0.51354176,1,0.0,0,0.4615517,0,0.4665277,0
2023-12-21,2023-12-22,17.77,18.200000762939453,1,0.4795402,0,0.0,0,0.4549316,0,0.46380278,0
2023-12-22,2023-12-26,18.2,17.81999969482422,0,0.5201784,1,0.0,0,0.45816785,0,0.46112815,0
2023-12-26,2023-12-27,17.82,17.729999542236328,0,0.46204358,0,0.0,0,0.45238838,0,0.45995653,0
2023-12-27,2023-12-28,17.73,17.360000610351562,0,0.49334446,0,0.0,0,0.4542158,0,0.4621452,0
2023-12-28,2023-12-29,17.36,17.270000457763672,0,0.49002486,0,0.0,0,0.4516792,0,0.46414164,0
2023-12-29,2024-01-02,17.27,16.959999084472656,0,0.44060472,0,0.0,0,0.45407742,0,0.46715847,0
2024-01-02,2024-01-03,16.96,16.780000686645508,0,0.4414673,0,0.0,0,0.45047313,0,0.47048673,0
2024-01-03,2024-01-04,16.78,16.239999771118164,0,0.48873714,0,0.0,0,0.4521402,0,0.47325125,0
2024-01-04,2024-01-05,16.24,16.489999771118164,1,0.43287882,0,0.0,0,0.4476126,0,0.4765966,0
2024-01-05,2024-01-08,16.49,16.600000381469727,1,0.49824616,0,0.0,0,0.45058405,0,0.4789051,0
2024-01-08,2024-01-09,16.6,15.489999771118164,0,0.39456713,0,0.0,0,0.4517299,0,0.47705215,0
2024-01-09,2024-01-10,15.49,16.09000015258789,1,0.4340883,0,0.0,0,0.44398838,0,0.48282436,0
2024-01-10,2024-01-11,16.09,15.779999732971191,0,0.48625046,0,0.0,0,0.44929284,0,0.4855824,0
2024-01-11,2024-01-12,15.78,15.979999542236328,1,0.41153082,0,0.0,0,0.44646826,0,0.48315185,0
2024-01-12,2024-01-16,15.98,15.68000030517578,0,0.48414588,0,0.0,0,0.449649,0,0.48313105,0
2024-01-16,2024-01-17,15.68,16.260000228881836,1,0.40522242,0,0.0,0,0.44594136,0,0.4840849,0
2024-01-17,2024-01-18,16.26,16.670000076293945,1,0.5011434,1,0.0,0,0.44841257,0,0.48218825,0
2024-01-18,2024-01-19,16.67,17.190000534057617,1,0.41161215,0,0.0,0,0.4462297,0,0.4763037,0
2024-01-19,2024-01-22,17.19,18.18000030517578,1,0.4768163,0,0.0,0,0.44558176,0,0.47091395,0
2024-01-22,2024-01-23,18.18,18.38999938964844,1,0.53806263,1,0.0,0,0.44546494,0,0.45632386,0
2024-01-23,2024-01-24,18.39,19.0,1,0.41485143,0,0.0,0,0.446527,0,0.45376247,0
2024-01-24,2024-01-25,19.0,20.31999969482422,1,0.48026785,0,0.0,0,0.4485893,0,0.4497754,0
2024-01-25,2024-01-26,20.32,21.280000686645508,1,0.53562176,1,0.0,0,0.45381668,0,0.43903747,0
2024-01-26,2024-01-29,21.28,21.280000686645508,0,0.37812126,0,0.0,0,0.4498258,0,0.43655553,0
2024-01-29,2024-01-30,21.28,21.5,1,0.50101227,1,0.0,0,0.45025015,0,0.44434425,0
2024-01-30,2024-01-31,21.5,21.61000061035156,1,0.46324095,0,0.0,0,0.45051214,0,0.4465508,0
2024-01-31,2024-02-01,21.61,21.82999992370605,1,0.5106273,1,0.0,0,0.45452824,0,0.44706568,0
2024-02-01,2024-02-02,21.83,21.899999618530277,1,0.43812585,0,0.0,0,0.45824113,0,0.44793293,0
2024-02-02,2024-02-05,21.9,20.770000457763672,0,0.46581644,0,0.0,0,0.46556905,0,0.44937834,0
2024-02-05,2024-02-06,20.77,20.65999984741211,0,0.37809876,0,0.0,0,0.44865915,0,0.45414028,0
2024-02-06,2024-02-07,20.66,19.31999969482422,0,0.4681864,0,0.0,0,0.4539394,0,0.45955873,0
2024-02-07,2024-02-08,19.32,18.149999618530277,0,0.4494264,0,0.0,0,0.44495663,0,0.46721092,0
2024-02-08,2024-02-09,18.15,19.0,1,0.43189657,0,0.0,0,0.44435003,0,0.47821614,0
2024-02-09,2024-02-12,19.0,19.25,1,0.49771133,0,0.0,0,0.45386735,0,0.48431987,0
2024-02-12,2024-02-13,19.25,19.3700008392334,1,0.47894168,0,0.0,0,0.45402604,0,0.47995767,0
2024-02-13,2024-02-14,19.37,19.850000381469727,1,0.47231743,0,0.0,0,0.45467016,0,0.47836012,0
2024-02-14,2024-02-15,19.85,20.149999618530277,1,0.50938547,1,0.0,0,0.450742,0,0.47641897,0
2024-02-15,2024-02-16,20.15,20.559999465942383,1,0.47208947,0,0.0,0,0.44805866,0,0.47184974,0
2024-02-16,2024-02-20,20.56,20.770000457763672,1,0.49955478,0,0.0,0,0.44817117,0,0.46963996,0
2024-02-20,2024-02-21,20.77,20.780000686645508,1,0.45073053,0,0.0,0,0.4460285,0,0.46857172,0
2024-02-21,2024-02-22,20.78,21.51000022888184,1,0.42242855,0,0.0,0,0.44628435,0,0.4665739,0
2024-02-22,2024-02-23,21.51,21.959999084472656,1,0.56746954,1,0.0,0,0.44780824,0,0.46781486,0
2024-02-23,2024-02-26,21.96,22.68000030517578,1,0.462506,0,0.0,0,0.44653937,0,0.46423778,0
2024-02-26,2024-02-27,22.68,21.61000061035156,0,0.52447027,1,0.0,0,0.44694695,0,0.463446,0
2024-02-27,2024-02-28,21.61,21.739999771118164,1,0.48508883,0,0.0,0,0.43950102,0,0.46394163,0
2024-02-28,2024-02-29,21.74,22.01000022888184,1,0.46354863,0,0.0,0,0.44613916,0,0.46701843,0
2024-02-29,2024-03-01,22.01,22.290000915527344,1,0.44962993,0,0.0,0,0.44350153,0,0.47752833,0
2024-03-01,2024-03-04,22.29,21.709999084472656,0,0.38521597,0,0.0,0,0.44491935,0,0.4732404,0
2024-03-04,2024-03-05,21.71,21.13999938964844,0,0.3893795,0,0.0,0,0.43817765,0,0.47875324,0
2024-03-05,2024-03-06,21.14,22.86000061035156,1,0.48436695,0,0.0,0,0.44152698,0,0.47791797,0
2024-03-06,2024-03-07,22.86,22.920000076293945,1,0.49826849,0,0.0,0,0.44913068,0,0.486728,0
2024-03-07,2024-03-08,22.92,22.59000015258789,0,0.3891478,0,0.0,0,0.4394834,0,0.4763075,0
2024-03-08,2024-03-11,22.59,21.780000686645508,0,0.41814128,0,0.0,0,0.44292256,0,0.47235236,0
2024-03-11,2024-03-12,21.78,22.790000915527344,1,0.3571758,0,0.0,0,0.43978608,0,0.4798224,0
2024-03-12,2024-03-13,22.79,24.299999237060547,1,0.51837575,1,0.0,0,0.44708997,0,0.48534504,0
2024-03-13,2024-03-14,24.3,23.36000061035156,0,0.5288485,1,0.0,0,0.44699693,0,0.48123738,0
2024-03-14,2024-03-15,23.36,23.84000015258789,1,0.37093416,0,0.0,0,0.43613225,0,0.4798238,0
2024-03-15,2024-03-18,23.84,24.780000686645508,1,0.48300147,0,0.0,0,0.44594088,0,0.47711074,0
2024-03-18,2024-03-19,24.78,24.3700008392334,0,0.439119,0,0.0,0,0.4475801,0,0.47492146,0
2024-03-19,2024-03-20,24.37,25.34000015258789,1,0.4305177,0,0.0,0,0.43883833,0,0.47656518,0
2024-03-20,2024-03-21,25.34,25.959999084472656,1,0.49247268,0,0.0,0,0.44996318,0,0.47524154,0
2024-03-21,2024-03-22,25.96,26.07999992370605,1,0.38540548,0,0.0,0,0.44303906,0,0.47499356,0
2024-03-22,2024-03-25,26.08,26.149999618530277,1,0.4144872,0,0.0,0,0.4386835,0,0.47052076,0
2024-03-25,2024-03-26,26.15,25.65999984741211,0,0.53433007,1,0.0,0,0.4392979,0,0.47154003,0
2024-03-26,2024-03-27,25.66,26.149999618530277,1,0.37906966,0,0.0,0,0.43755034,0,0.4774578,0
2024-03-27,2024-03-28,26.15,25.420000076293945,0,0.40381426,0,0.0,0,0.44700935,0,0.47673032,0
2024-03-28,2024-04-01,25.42,25.790000915527344,1,0.4194022,0,0.0,0,0.44191977,0,0.48170748,0
2024-04-01,2024-04-02,25.79,24.920000076293945,0,0.44495228,0,0.0,0,0.45121664,0,0.48148268,0
2024-04-02,2024-04-03,24.92,26.100000381469727,1,0.42712218,0,0.0,0,0.440333,0,0.48767045,0
2024-04-03,2024-04-04,26.1,25.799999237060547,0,0.52823615,1,0.0,0,0.44246528,0,0.4992386,0
2024-04-04,2024-04-05,25.8,27.3700008392334,1,0.42105383,0,0.0,0,0.43529224,0,0.49349576,0
2024-04-05,2024-04-08,27.37,27.729999542236328,1,0.47859946,0,0.0,0,0.4481617,0,0.49045363,0
2024-04-08,2024-04-09,27.73,28.65999984741211,1,0.52042043,1,0.0,0,0.43220183,0,0.4888142,0
2024-04-09,2024-04-10,28.66,28.850000381469727,1,0.43578172,0,0.0,0,0.42962736,0,0.49431843,0
2024-04-10,2024-04-11,28.85,29.770000457763672,1,0.4197684,0,0.0,0,0.43013716,0,0.48504993,0
2024-04-11,2024-04-12,29.77,29.61000061035156,0,0.44493958,0,0.0,0,0.4325507,0,0.48313132,0
2024-04-12,2024-04-15,29.61,27.600000381469727,0,0.37920302,0,0.0,0,0.42837873,0,0.48478574,0
2024-04-15,2024-04-16,27.6,27.770000457763672,1,0.33112168,0,0.0,0,0.42571324,0,0.49876654,0
2024-04-16,2024-04-17,27.77,27.68000030517578,0,0.40443024,0,0.0,0,0.43501762,0,0.5071918,1
2024-04-17,2024-04-18,27.68,28.030000686645508,1,0.32116887,0,0.0,0,0.43527597,0,0.5045544,1
2024-04-18,2024-04-19,28.03,28.459999084472656,1,0.5047082,1,0.0,0,0.43812656,0,0.5011271,1
2024-04-19,2024-04-22,28.46,31.020000457763672,1,0.4727894,0,0.0,0,0.43386805,0,0.5020006,1
2024-04-22,2024-04-23,31.02,30.530000686645508,0,0.53204656,1,0.0,0,0.44708088,0,0.4973315,0
2024-04-23,2024-04-24,30.53,29.06999969482422,0,0.47086167,0,0.0,0,0.42879862,0,0.48293477,0
2024-04-24,2024-04-25,29.07,29.489999771118164,1,0.29163054,0,0.0,0,0.42432925,0,0.4968145,0
2024-04-25,2024-04-26,29.49,30.700000762939453,1,0.4610441,0,0.0,0,0.43586478,0,0.5006217,1
2024-04-26,2024-04-29,30.7,31.26000022888184,1,0.3865487,0,0.0,0,0.4342847,0,0.50135887,1
2024-04-29,2024-04-30,31.26,32.43000030517578,1,0.45136687,0,0.0,0,0.4390849,0,0.49054322,0
2024-04-30,2024-05-01,32.43,32.369998931884766,0,0.5520189,1,0.0,0,0.42799345,0,0.4999381,0
2024-05-01,2024-05-02,32.37,31.88999938964844,0,0.36886922,0,0.0,0,0.4336705,0,0.48482054,0
2024-05-02,2024-05-03,31.89,34.31999969482422,1,0.30786446,0,0.0,0,0.42368615,0,0.4929937,0
2024-05-03,2024-05-06,34.32,36.79999923706055,1,0.5784764,1,0.0,0,0.4365795,0,0.49425846,0
2024-05-06,2024-05-07,36.8,35.650001525878906,0,0.5416727,1,0.0,0,0.43434277,0,0.48312938,0
2024-05-07,2024-05-08,35.65,36.04999923706055,1,0.32626435,0,0.0,0,0.42441842,0,0.4837106,0
2024-05-08,2024-05-09,36.05,35.5099983215332,0,0.40031648,0,0.0,0,0.4305095,0,0.48965427,0
2024-05-09,2024-05-10,35.51,34.970001220703125,0,0.3602782,0,0.0,0,0.43779227,0,0.4879616,0
2024-05-10,2024-05-13,34.97,34.650001525878906,0,0.37270597,0,0.0,0,0.4360987,0,0.49392253,0
2024-05-13,2024-05-14,34.65,35.470001220703125,1,0.24961121,0,0.0,0,0.43472868,0,0.50319815,1
2024-05-14,2024-05-15,35.47,36.84000015258789,1,0.46257904,0,0.0,0,0.4360612,0,0.502809,1
2024-05-15,2024-05-16,36.84,36.61000061035156,0,0.49799114,0,0.0,0,0.43700522,0,0.48997098,0
2024-05-16,2024-05-17,36.61,36.66999816894531,1,0.34897432,0,0.0,0,0.42773443,0,0.48568398,0
2024-05-17,2024-05-20,36.67,37.27999877929688,1,0.37954906,0,0.0,0,0.42527,0,0.4863352,0
2024-05-20,2024-05-21,37.28,36.18000030517578,0,0.4191272,0,0.0,0,0.42302918,0,0.49083543,0
2024-05-21,2024-05-22,36.18,33.58000183105469,0,0.35189927,0,0.0,0,0.41748646,0,0.49538404,0
2024-05-22,2024-05-23,33.58,30.989999771118164,0,0.29789636,0,0.0,0,0.41254377,0,0.51285344,1
2024-05-23,2024-05-24,30.99,32.470001220703125,1,0.29974958,0,0.0,0,0.40890336,0,0.5252956,1
2024-05-24,2024-05-28,32.47,33.06999969482422,1,0.511407,1,0.0,0,0.42533875,0,0.52796733,1
2024-05-28,2024-05-29,33.07,34.16999816894531,1,0.4537536,0,0.0,0,0.41937572,0,0.51383317,1
2024-05-29,2024-05-30,34.17,36.880001068115234,1,0.49187884,0,0.0,0,0.4235093,0,0.5024191,1
2024-05-30,2024-05-31,36.88,35.849998474121094,0,0.59028494,1,0.0,0,0.41988263,0,0.49352238,0
2024-05-31,2024-06-03,35.85,35.599998474121094,0,0.21726778,0,0.0,0,0.40760487,0,0.49080953,0
2024-06-03,2024-06-04,35.6,33.2400016784668,0,0.30487427,0,0.0,0,0.41232324,0,0.49093428,0
2024-06-04,2024-06-05,33.24,33.25,1,0.29934344,0,0.0,0,0.40924576,0,0.509194,1
2024-06-05,2024-06-06,33.25,31.51000022888184,0,0.27038833,0,0.0,0,0.41479725,0,0.52063197,1
2024-06-06,2024-06-07,31.51,31.670000076293945,1,0.27563274,0,0.0,0,0.41153246,0,0.5126985,1
2024-06-07,2024-06-10,31.67,33.060001373291016,1,0.5506162,1,0.0,0,0.41984913,0,0.5161668,1
2024-06-10,2024-06-11,33.06,32.13999938964844,0,0.45090356,0,0.0,0,0.4211712,0,0.51222587,1
2024-06-11,2024-06-12,32.14,33.939998626708984,1,0.36165175,0,0.0,0,0.41244823,0,0.50328195,1
2024-06-12,2024-06-13,33.94,35.20000076293945,1,0.3239127,0,0.0,0,0.4163882,0,0.50016904,1
2024-06-13,2024-06-14,35.2,34.790000915527344,0,0.31722176,0,0.0,0,0.4073881,0,0.49941444,0
2024-06-14,2024-06-17,34.79,34.06999969482422,0,0.3912433,0,0.0,0,0.41348448,0,0.4848467,0
2024-06-17,2024-06-18,34.07,34.83000183105469,1,0.40620485,0,0.0,0,0.41361007,0,0.49079284,0
2024-06-18,2024-06-20,34.83,33.0,0,0.48395652,0,0.0,0,0.41676468,0,0.49739927,0
